0.000649910015837416,-0.000690959721137482,0.979758858680725,0.0184740535914898,0.0100244553759694,-1.85289913547837,0.00974865023756125,-0.0103643958170622,-0.013478232739773,-0.116386537626386,-0.0631540688686073,11.6732645535137,1.08820497989655,0.69934093952179,0.959166884422302,0.00404813842711572,-0.0105825824343849,0.018181342215788,0.0139098000580252,0.0164925497084122,0.0507913874651473,-0.00174224678993208,-0.00141025119491114,0.000425111040803514,0,0,0,0,11943.5,7.0353846
0.000974865023756125,-0.00103643958170622,0.979758858680725,0.0184740535914898,0.0100244553759694,-1.85289913547837,0.00974865023756125,-0.0103643958170622,-0.013478232739773,-0.08147057633847,-0.0442078482080251,8.1712851874596,1.0887416601181,0.69590151309967,0.956847310066223,0.0135241549893131,-0.00180410582577424,0.0199286714891037,0.00766686030799784,-0.0491346631733349,-0.0331367765155535,0.135371665174811,0.12540680869496,0.0249618467617559,0,0,0,0,11943.57,7.1027083
0.00169180275789531,-0.00116069225975145,0.985795795917511,0.0204210393130779,0.00720631424337626,-1.85340482128464,0.0215081320241755,-0.00372758034135671,-0.0620959314169797,-0.0745522749312222,-0.00558222355227917,5.72445080347819,1.08875870704651,0.692561566829681,0.955609261989594,0.00780589665139461,-0.00440973222147848,0.0179333362206669,0.00028411547342316,-0.0556657711652685,-0.0206341346100436,-0.0953043056298943,-0.0434271065941228,-0.0332555878065539,0,0,0,0,11943.63,7.1694738
0.0020689161677446,-0.00107300210334249,0.974294722080231,0.0204210393130779,0.00720631424337626,-1.85340482128464,0.0113134022954789,0.0026307046922688,0.1067384280267,-0.0521865924518555,-0.00390755648659542,4.00711556243473,1.08910775184631,0.688447654247284,0.953708708286285,0.00385004826296742,-0.00445421077219816,0.0161022080944517,0.00498635428294484,-0.0587701797487795,-0.0271507671902287,-0.056512119834909,-0.000635407867426686,-0.0261589732317549,0,0,0,0,11943.7,7.2362284
0.0024460295775939,-0.000985311946933526,0.974294722080231,0.0204210393130779,0.00720631424337626,-1.85340482128464,0.0113134022954789,0.0026307046922688,0.00322876349117769,-0.0365306147162989,-0.00273528954061679,2.80498089370431,1.08896636962891,0.684856235980988,0.952844023704529,0.00298270865053115,-0.00843370171549302,0.0132286823395831,-0.00201974596296878,-0.0513059752330188,-0.0123526368822884,-0.0123905658919983,-0.0568498706187343,-0.0410503679268647,0,0,0,0,11943.77,7.3029932
0.00282342921195258,-0.000897617753154059,0.974294722080231,0.0185239855200052,0.00686134910210967,-1.85332709682785,0.0113219890307603,0.002630825813384,0.00321393263744653,-0.00849794616375491,0.00118998359296751,1.96278710548193,1.08973205089569,0.681031048297882,0.953095734119415,0.00278878000496672,-0.0110126838460905,0.0193224020731168,0.0127613544465195,-0.063753128052299,0.00419517358147685,-0.00323214409276795,-0.0429830355103226,0.101561995559757,0,0,0,0,11943.83,7.3700745
0.00324259266581882,-0.000739237939308059,0.974294722080231,0.0185239855200052,0.00686134910210967,-1.85332709682785,0.0125749036159873,0.00475139441538,-0.00712463414692099,-0.00594856231462844,0.000832988515077254,1.37395097383735,1.09027326107025,0.676480352878571,0.953762292861938,-0.00064130584375492,-0.0146107921608618,0.0158155982429151,0.00773157392232567,-0.0650099345618635,0.00952226775037092,-0.0490012264105128,-0.05140154735409,-0.0500971975745183,0,0,0,0,11943.9,7.4368312
0.00366175611968507,-0.000580858125462059,0.974294722080231,0.0185239855200052,0.00686134910210967,-1.85332709682785,0.0125749036159873,0.00475139441538,-0.00712463414692099,-0.0041639936202399,0.000583091960554078,0.961765681686148,1.09020090103149,0.671587347984314,0.95332670211792,0.00441354161507836,-0.00625134205264822,0.0179410349066985,-0.00103371483939464,-0.0699000699182419,-0.00622272491457665,0.0722121065550614,0.119420715832119,0.030363380911318,0,0,0,0,11943.97,7.503519
0.00408043180366707,-0.000421848787583821,0.965915143489838,0.0174139030277729,0.0071956804022193,-1.85234266651474,0.0125602705194602,0.00477028013634715,0.0682851118310482,0.00707594689592297,-0.00260081732859877,0.66437610436231,1.08965599536896,0.667713522911072,0.954330921173096,-0.00628697409132564,-0.0199182105118804,0.0185399251992983,-0.00908176104207878,-0.0645637512192938,0.0167369842525644,-0.178341928436174,-0.227781140982231,0.00998150487644453,0,0,0,0,11944.03,7.5702598
0.00414450609355708,-0.000202345560130257,0.963818073272705,0.0174139030277729,0.0071956804022193,-1.85234266651474,0.00192222869670023,0.00658509682360693,0.0198705235776822,0.00495316282714608,-0.00182057213001914,0.465063273053617,1.08996200561523,0.662021219730377,0.951750755310059,0.00578566540133602,-0.00166468085919851,0.0182514692586841,0.0043715749468304,-0.0813186168674035,-0.0368595123292548,0.172466278467312,0.260764709325111,-0.00412079915164833,0,0,0,0,11944.1,7.63695
0.00420858038344709,1.71576673233078e-05,0.963818073272705,0.0174139030277729,0.0071956804022193,-1.85234266651474,0.00192222869670023,0.00658509682360693,0.000996891623489062,0.00346721397900226,-0.0012744004910134,0.325544291137532,1.08968484401703,0.658671677112579,0.952488899230957,0.00549754174627369,0.00204541453379411,0.0200057625642933,-0.00395945140295312,-0.0478506088258825,0.0105449131557358,-0.00411605221519328,0.0530013627572577,0.0250613329373793,0,0,0,0,11944.17,7.7036729
0.00427280703332533,0.000236610976529241,0.963818073272705,0.0154186319559813,0.00730986846610904,-1.85264355076157,0.00192679949634719,0.006583599276178,0.000997414376285117,0.0203844894314264,-0.00191977291871705,0.230588962017708,1.0897388458252,0.655141830444336,0.952938675880432,0.00469895655388389,-0.00532603176219606,0.0187143459436341,0.000900030136116038,-0.0588307778045562,0.00749627749131526,-0.0133097532066096,-0.122857438267546,-0.0215236103445026,0,0,0,0,11944.23,7.7704841
0.00388138960976861,0.0011423935030272,0.949131727218628,0.0154186319559813,0.00730986846610904,-1.85264355076157,-0.0117425227067015,0.0271734757949389,0.130712502910693,0.0142691426019985,-0.00134384104310194,0.161412273412396,1.08925175666809,0.650150835514069,0.953453004360199,0.00178808871466703,-0.00457628868249175,0.0176754086790269,-0.00695841652991229,-0.0712999275736913,0.00734754971079456,-0.0415838262736188,0.0107106154241135,-0.0148419609226371,0,0,0,0,11944.3,7.8371636
0.00348997218621189,0.00204817602952517,0.949131727218628,0.0154186319559813,0.00730986846610904,-1.85264355076157,-0.0117425227067015,0.0271734757949389,-0.00146461157600179,0.00998839982139894,-0.000940688730171357,0.112988591388677,1.08913552761078,0.645493865013123,0.955972194671631,0.00169684792025921,-0.00153428230027054,0.0176566491799961,-0.00166041510446421,-0.0665281500137915,0.0359884330206051,-0.00130343992011709,0.0434572340319124,-0.000267992843298101,0,0,0,0,11944.37,7.9039458
0.0030985360087505,0.00295380635141917,0.949131727218628,0.0165816638618708,0.00584275554865599,-1.85255986584031,-0.0117430853238418,0.0271689096568201,-0.00150339567987383,-0.00347540727802634,0.0125455341459575,0.078338849680692,1.08853328227997,0.640566289424896,0.958968102931976,0.000951594357308225,0.00848128475808361,0.0212818446491221,-0.010037422180261,-0.0821262598044691,0.0499318043395148,-0.0124208927159553,0.166926117640653,0.0604199244859471,0,0,0,0,11944.43,7.9706855
0.00270709983128911,0.00385943667331317,0.949131727218628,0.0165816638618708,0.00584275554865599,-1.85255986584031,-0.0117430853238418,0.0271689096568201,-0.00150339567987383,-0.00243278509461844,0.00878187390217025,0.0548371947764844,1.08906829357147,0.637264907360077,0.96197098493576,-0.00735485155712775,0.00653364829531739,0.0190942245149071,0.00764301845008758,-0.0471626009261866,0.0428983143399524,-0.118663513063864,-0.0278233780396332,-0.0312517162032023,0,0,0,0,11944.5,8.0373454
0.00231566365382772,0.00476506699520717,0.949131727218628,0.0165816638618708,0.00584275554865599,-1.85255986584031,-0.0117430853238418,0.0271689096568201,-0.00150339567987383,-0.00170294956623291,0.00614731173151918,0.0383860363435391,1.0882910490036,0.632080912590027,0.962088286876678,-0.00457508052457993,0.0160412378612134,0.0213496897096894,-0.0111034938267761,-0.07405706814388,0.00167574201312081,0.0397110147508482,0.135822708084793,0.0322209313541671,0,0,0,0,11944.57,8.1041166
0.00185951160777588,0.0062180352898612,0.973670780658722,0.0161066930741072,0.00635006511583924,-1.852013410457,-0.013684561381555,0.0435890488396207,-0.253765974578454,0.00308267239350933,-0.000262667892585882,0.0219521269907703,1.08824229240417,0.629484176635742,0.963061273097992,-0.0217413122678918,0.00666234899122774,0.0218749094980231,-0.000812609990420088,-0.0432789325704664,0.0162164370215373,-0.286103862382286,-0.156314814496348,0.00875366313870388,0,0,0,0,11944.63,8.1708534
0.00116989541091297,0.00703151253919587,0.973670780658722,0.0161066930741072,0.00635006511583924,-1.852013410457,-0.0206884859058873,0.0244043174800403,-0.00652940840393543,0.00215787067545653,-0.000183867524810118,0.0153664888935392,1.08708965778351,0.625079989433289,0.963111877441406,-0.0261801023908021,-0.00247679222236945,0.0209265803125851,-0.0164662088667328,-0.0629169600353132,0.000722919191635958,-0.0634112874704118,-0.130559160194788,-0.0135475597920278,0,0,0,0,11944.7,8.2375365
0.000480279214050062,0.00784498978853055,0.973670780658722,0.0161066930741072,0.00635006511583924,-1.852013410457,-0.0206884859058873,0.0244043174800403,-0.00652940840393543,0.00151050947281957,-0.000128707267367082,0.0107565422254775,1.08715093135834,0.619807183742523,0.961684942245483,-0.0112512172055323,0.00551986967398346,0.0230190452431948,0.000875336783276519,-0.0753257955826758,-0.0203847885132683,0.213269788361885,0.114238027091231,0.0298923561516919,0,0,0,0,11944.77,8.3042783
-0.000209129461184528,0.00865924654289956,0.979469060897827,0.0141328275203705,0.00606248946860433,-1.85303360355698,-0.0206822602570377,0.0244277026310702,-0.0586806614466423,0.0188221466146039,0.00249808573795729,0.0167113174576145,1.08653569221497,0.616525411605835,0.960157513618469,-0.013458520293381,-0.00233565016195046,0.0231348951861571,-0.0102539857229467,-0.0546962022786015,-0.0254571437837854,-0.0367883847977913,-0.13092533060001,0.00193083238272087,0,0,0,0,11944.83,8.3709711
-0.000898538136419118,0.00947350329726857,0.979469060897827,0.0141328275203705,0.00606248946860433,-1.85303360355698,-0.0206822602570377,0.0244277026310702,-0.00649613929469531,0.0131755026302227,0.00174866001657011,0.0116979222203301,1.08507394790649,0.61177259683609,0.957537174224854,-0.00683451070101132,0.00831854811208789,0.0214062880432,-0.0208820615496822,-0.0678973538537805,-0.0374334199089517,0.0946287084628178,0.152202832486895,-0.0246943877566323,0,0,0,0,11944.9,8.437691
-0.00158794681165371,0.0102877600516376,0.979469060897827,0.0141328275203705,0.00606248946860433,-1.85303360355698,-0.0206822602570377,0.0244277026310702,-0.00649613929469531,0.0092228518411559,0.00122406201159907,0.0081885455542311,1.08465147018433,0.60685008764267,0.957250952720642,-0.0112486528011182,-5.33228997031433e-05,0.0143221767205283,-0.00603539603099608,-0.0703215599062982,-0.0040888786316088,-0.0630591728589314,-0.119598157311798,-0.101201590324301,0,0,0,0,11944.97,8.5043874
-0.0021977338600378,0.0113239059201906,0.977498531341553,0.0146280331537127,0.00570632284507155,-1.85203915966355,-0.0182936114515229,0.0310843760565908,0.0188456210213034,0.00199914558872874,0.0040623430199143,-0.00321801315293179,1.08387911319733,0.604112327098846,0.957800805568695,-0.01731903347961,-0.0104444097898709,0.0166987154702931,-0.0128726164497109,-0.045629342396058,0.00916421413401627,-0.101173011305989,-0.173184781499016,0.0396089791618809,0,0,0,0,11945.03,8.5711255
-0.0017788825841836,0.0117390067432063,0.977498531341553,0.0146280331537127,0.00570632284507155,-1.85203915966355,0.0125655382756262,0.0124530246904707,-0.00276921480569312,0.00139940191211012,0.00284364011394001,-0.00225260920705225,1.08322536945343,0.599832594394684,0.954956412315369,-0.0137295726992555,0.00668683003236841,0.0203407777310591,-0.00933919634141718,-0.0611390386311485,-0.0406341893334035,0.0512780111481354,0.244731997461579,0.0520294608683023,0,0,0,0,11945.1,8.6395115
-0.00136003130832939,0.012154107566222,0.977498531341553,0.0146280331537127,0.00570632284507155,-1.85203915966355,0.0125655382756262,0.0124530246904707,-0.00276921480569312,0.000979581338477081,0.00199054807975801,-0.00157682644493658,1.08156931400299,0.596495568752289,0.954972863197327,-0.0100437096773173,0.00873013755398382,0.0168177126260486,-0.0236579350063763,-0.0476717948915556,0.000235012599401089,0.0526551860279063,0.0291901074517701,-0.0503295015003589,0,0,0,0,11945.17,8.7062873
-0.000940819733011982,0.0125687481715255,0.965414524078369,0.0157346036285162,0.00450137024745345,-1.85267025364243,0.0125763472595224,0.012439218159105,0.105980495136248,-0.00927342733629707,0.0122379570343935,0.00457606729848092,1.08128225803375,0.591997027397156,0.9564288854599,-0.00213844312955279,0.00479856100296393,0.0174544023767764,-0.00410079956056392,-0.064264876502168,0.0208003180368471,0.112932379254249,-0.0561653793005177,0.0090955678675771,0,0,0,0,11945.24,8.7729768
-0.00052160815769457,0.012983388776829,0.965414524078369,0.0157346036285162,0.00450137024745345,-1.85267025364243,0.0125763472595224,0.012439218159105,-0.0027755702324045,-0.00649139913540795,0.00856656992407547,0.00320324710893664,1.08015525341034,0.588980257511139,0.955966830253601,-0.00607423929692536,-0.000378975745381339,0.0179533908619914,-0.0161000660488253,-0.0430967126575627,-0.00660078866143927,-0.0562256595341276,-0.0739648106909542,0.00712840693167357,0,0,0,0,11945.31,8.8397016
-0.000102396582377158,0.0133980293821325,0.965414524078369,0.0157346036285162,0.00450137024745345,-1.85267025364243,0.0125763472595224,0.012439218159105,-0.0027755702324045,-0.00454397939478557,0.00599659894685283,0.00224227297625565,1.0788266658783,0.586022734642029,0.955492198467255,-0.0134134393226677,-0.00136901850642738,0.0174421862098294,-0.0221431255335743,-0.0492920478174258,-0.00791052977226792,-0.12232000042637,-0.0165007126837405,-0.00852007753584769,0,0,0,0,11945.37,8.9064207
0.000317153067854062,0.0138125372314556,0.973415732383728,0.0162413865327835,0.00549626443535089,-1.85324031246506,0.0125864895069366,0.012435235479694,-0.0747726280231527,-0.00774183171475569,-0.00475642842828001,0.00670012048706548,1.07760977745056,0.581849694252014,0.954862594604492,-0.00606696577736633,-0.000906992900171161,0.0172813065364526,-0.0173841203962776,-0.0596148627147428,-0.00899434089664384,0.104949622076171,0.0066003658036877,-0.00229828104824933,0,0,0,0,11945.44,8.973142
0.000736702718085281,0.0142270450807787,0.973415732383728,0.0162413865327835,0.00549626443535089,-1.85324031246506,0.0125864895069366,0.012435235479694,-0.00276175327492267,-0.00541928220032899,-0.00332949989979601,0.00469008434094584,1.07741606235504,0.578463196754456,0.952904760837555,-0.00205261224764194,0.0132208596467264,0.021438143017529,-0.00322858492536107,-0.056441624959789,-0.0326305627825646,0.0669058921626411,0.235464209116958,0.0692806080185277,0,0,0,0,11945.5,9.0398582
0.0011562523683165,0.0146415529301019,0.973415732383728,0.0162413865327835,0.00549626443535089,-1.85324031246506,0.0125864895069366,0.012435235479694,-0.00276175327492267,-0.00379349754023029,-0.00233064992985721,0.00328305903866208,1.07620918750763,0.575906872749329,0.953925907611847,-0.017240513452179,-0.00235824137438371,0.0182760098282912,-0.0172410692488161,-0.0365189143591083,0.0145878110613748,-0.216970017208575,-0.222558586016784,-0.0451733312750133,0,0,0,0,11945.57,9.1065364
0.00114646684748707,0.0154557935894691,0.973942816257477,0.015804335474968,0.00500745559111238,-1.85277491939866,-0.000293565624882988,0.0244272197810161,-0.00794477486258905,0.00127801124217876,0.00276782464724663,-0.00189039627059279,1.07486152648926,0.570987462997437,0.952309429645538,-0.000591159228565394,0.0085869537560031,0.0185607022023134,-0.0192523002625312,-0.0702772821701792,-0.0230925423759331,0.237847917481184,0.156359930434747,0.0040670339146192,0,0,0,0,11945.64,9.1732206
0.00151548314195901,0.0164954489846498,0.973942816257477,0.015804335474968,0.00500745559111238,-1.85277491939866,0.0110704888341582,0.0311896618554215,-0.00382701774194975,0.000894607869525135,0.00193747725307264,-0.00132327738941495,1.07345068454742,0.568099558353424,0.95239531993866,-0.00250303761474346,0.0117517803804788,0.0164029438076484,-0.0235140323633783,-0.0481317440658236,0.00143150488532438,-0.031864639768939,0.0527471104067763,-0.0359626399102981,0,0,0,0,11945.7,9.2399162
0.00188449943643095,0.0175351043798305,0.973942816257477,0.015804335474968,0.00500745559111238,-1.85277491939866,0.0110704888341582,0.0311896618554215,-0.00382701774194975,0.000626225508667594,0.00135623407715085,-0.000926294172590468,1.07278144359589,0.565269827842712,0.953888237476349,0.000172199028687616,0.0127870917981446,0.0174947656489712,-0.00956058502201241,-0.0404247215817634,0.0213273933956488,0.0382176663348886,0.0147901631095729,0.0155974548761054,0,0,0,0,11945.77,9.3066435
0.00225282799611887,0.0185750203292935,0.947649776935577,0.014982302673161,0.00514260772615671,-1.85224944485032,0.0110498567906378,0.0311974784838895,0.232812338484441,0.00783665307232966,-0.000267005361393432,-0.00537767685587192,1.07148790359497,0.561693608760834,0.955396175384521,-0.00352191321170199,0.0103371688151376,0.0188613347030134,-0.0184791428702986,-0.0510888440270504,0.0215419701168411,-0.0527730320057853,-0.0349988997573884,0.019522415057827,0,0,0,0,11945.84,9.3733406
0.0026211565558068,0.0196149362787565,0.947649776935577,0.014982302673161,0.00514260772615671,-1.85224944485032,0.0110498567906378,0.0311974784838895,-0.0038250154126534,0.00548565715063076,-0.000186903752975402,-0.00376437379911034,1.07011020183563,0.557814419269562,0.956949353218079,-0.00258729317473493,0.0115325467389958,0.0189655850226204,-0.0229616959891679,-0.064653158188415,0.0258862972261719,0.01557700061625,0.019922965397806,0.00173750532679798,0,0,0,0,11945.9,9.4400112
0.00298948511549473,0.0206548522282195,0.947649776935577,0.014982302673161,0.00514260772615671,-1.85224944485032,0.0110498567906378,0.0311974784838895,-0.0038250154126534,0.00383996000544153,-0.000130832627082782,-0.00263506165937724,1.06874763965607,0.554992437362671,0.958485901355743,-0.00166224068304642,0.00910623773029976,0.0177579842360427,-0.0194651739938728,-0.0403140272414657,0.0219506876810169,0.0132150355956051,-0.0346615572672301,-0.0172514398083252,0,0,0,0,11945.97,9.5067211
0.00264281501988547,0.0205791819654255,0.95010370016098,0.0157219246029854,0.00681389635428786,-1.8522279871782,-0.0104001028682778,-0.00227010788381782,-0.028709336322381,-0.0039686253646101,-0.0151331804921383,-0.00203766221063633,1.06714153289795,0.551096975803375,0.961199462413788,0.000236226905607094,0.0124577333457777,0.0185795805300898,-0.0229443822583231,-0.0556494508458661,0.0387651579712172,0.0271209655516011,0.0478785087914973,0.0117370899147029,0,0,0,0,11946.04,9.5734558
0.00199623978360735,0.020332905451007,0.95010370016098,0.0157219246029854,0.00681389635428786,-1.8522279871782,-0.0193972570883437,-0.00738829543255461,-0.0206968940246852,-0.00277803775522707,-0.0105932263444968,-0.00142636354744543,1.06590235233307,0.547317564487457,0.963659167289734,0.00261588027192096,0.011673652111182,0.0204636717490172,-0.0177025794983646,-0.053991590227624,0.0351386410850896,0.0339950480903394,-0.0112011604942716,0.026915588841932,0,0,0,0,11946.11,9.64018
0.00134966454732922,0.0200866289365886,0.95010370016098,0.0157219246029854,0.00681389635428786,-1.8522279871782,-0.0193972570883437,-0.00738829543255461,-0.0206968940246852,-0.00194462642865895,-0.00741525844114777,-0.000998454483211804,1.06440687179565,0.544520139694214,0.965282618999481,-0.0035536251308107,0.00945606291368624,0.0217316024809729,-0.0249246756237874,-0.0466237465544526,0.0270575284960183,-0.1028250900464,-0.0369598199585761,0.0211321788661073,0,0,0,0,11946.17,9.7068672
0.000703274112526039,0.0198395004621101,0.95420902967453,0.0163473393768072,0.00576384179294109,-1.85270887745224,-0.0193917130440956,-0.00741385423435399,-0.0576429267555693,-0.00698997146445774,0.00425981014331749,0.0036290943281824,1.06259226799011,0.540728986263275,0.967453122138977,-0.00427720573393408,0.0104597249080378,0.0164319447783681,-0.0259229115078505,-0.0541593347279212,0.0310071877072125,-0.0103368657589484,0.0143380284907965,-0.0757093957518126,0,0,0,0,11946.24,9.7735613
-1.04248538542064e-05,0.0186590478624124,0.95420902967453,0.0163473393768072,0.00576384179294109,-1.85270887745224,-0.0214109689914074,-0.0354135779909306,-0.0160165261584592,-0.00489298002512042,0.00298186710032224,0.00254036602972768,1.06139504909515,0.537537515163422,0.970288574695587,-0.00819843993490561,0.00662593021452267,0.0213845812112201,-0.0199536482488727,-0.0531911849963975,0.0472575426091369,-0.0653539033480989,-0.0638965782238578,0.0825439405457327,0,0,0,0,11946.3,9.8402554
-0.000724123820234452,0.0174785952627147,0.95420902967453,0.0163473393768072,0.00576384179294109,-1.85270887745224,-0.0214109689914074,-0.0354135779909306,-0.0160165261584592,-0.00342508601758429,0.00208730697022557,0.00177825622080938,1.05999886989594,0.533748745918274,0.971847176551819,-0.00136638217488552,0.0130702959829719,0.0216736990832851,-0.0199454171317794,-0.0541252749309065,0.0222657408034024,0.09760082514355,0.0920623681210858,0.00413025531523114,0,0,0,0,11946.37,9.9069704
-0.00143799443872615,0.0162980460026206,0.959221839904785,0.0158245153725147,0.00567115237936378,-1.85251623524033,-0.021416118554751,-0.0354164778028226,-0.0611253015105153,0.00230785582632339,0.00229531960135376,-0.000489000552659999,1.05814027786255,0.529928922653198,0.973548948764801,-0.000551902527527082,0.0118789320604157,0.0199471174901314,-0.0265513147627708,-0.0545689037870224,0.0243110316141322,0.0116354235337403,-0.0170194846080156,-0.0246654513308699,0,0,0,0,11946.44,9.9736537
-0.00215186505721785,0.0151174967425265,0.959221839904785,0.0158245153725147,0.00567115237936378,-1.85251623524033,-0.021416118554751,-0.0354164778028226,-0.0160100094382192,0.00161549907842637,0.00160672372094763,-0.000342300386861999,1.05677568912506,0.526153028011322,0.974707543849945,0.000114650924275098,0.0157867932078957,0.0198101344449417,-0.0194941248213352,-0.0539413520270274,0.0165513583592694,0.00952219216864216,0.0558265878213739,-0.00195690064557517,-0.000145566940241503,-0.000145566940241503,-9.47877747645897e-06,-0.000145566940241503,11946.51,10.0403464
-0.00286573567570955,0.0139369474824325,0.959221839904785,0.0158245153725147,0.00567115237936378,-1.85251623524033,-0.021416118554751,-0.0354164778028226,-0.0160100094382192,0.00113084935489846,0.00112470660466334,-0.000239610270803399,1.0549510717392,0.523045539855957,0.9754558801651,-0.00372505679524107,0.0129591845127697,0.0202610526179565,-0.0304102897646624,-0.0517914692565228,0.0124722719193564,-0.063995128659146,-0.0471268115858324,0.0075153028836436,0.0554221819840498,0.0554221819840498,0.003607347331378,0.0554221819840498,11946.57,10.1070865
-0.00363088016246027,0.0127117398984864,0.97097635269165,0.016233341768384,0.00441949116066098,-1.85329109562241,-0.0229543346025215,-0.0367562275183819,-0.122748795335652,-0.00288784301439437,0.0120522455915895,0.00680601624915832,1.05351102352142,0.518710732460022,0.976027488708496,0.0086922539342748,0.0178283377928286,0.0163336970782808,-0.0205721173968489,-0.0619258199421869,0.00816583633426247,0.177390153279536,0.0695593325725594,-0.0561050791384578,0.109574021715909,0.109574021715909,0.00712283904976259,0.109574021715909,11946.64,10.1738095
-0.00439505418569029,0.0120632643467017,0.97097635269165,0.016233341768384,0.00441949116066098,-1.85329109562241,-0.0229252206969008,-0.0194542665535424,-0.0157652669935736,-0.00202149011007606,0.00843657191411263,0.00476421137441083,1.05150651931763,0.51581859588623,0.976235270500183,0.00179369046995219,-0.00276778361700901,0.0187448407108085,-0.0334084033958772,-0.0482022762288062,0.0034630298613746,-0.114976057736201,-0.343268690156468,0.040185727207918,0.160967507722175,0.160967507722175,0.0104411301304324,0.160967507722175,11946.7,10.2405214
-0.00515922820892032,0.0114147887949169,0.97097635269165,0.016233341768384,0.00441949116066098,-1.85329109562241,-0.0229252206969008,-0.0194542665535424,-0.0157652669935736,-0.00141504307705324,0.00590560033987884,0.00333494796208758,1.05015444755554,0.511667966842651,0.978679060935974,0.00180589787019342,0.00598520452916242,0.0174099325897963,-0.0193153108870083,-0.0592947006228051,0.0349112919400168,0.000174391432018341,0.125042687802969,-0.0190701160145386,0.208306892599208,0.208306892599208,0.0134708456155565,0.208306892599208,11946.77,10.3071334
-0.00592445935722929,0.0107648443597058,0.976359605789185,0.0159977227449417,0.0017660022713244,-1.85380417240464,-0.0229569344492692,-0.0194983330563339,-0.0641651793571114,0.00113004105704315,0.0280153202419445,0.00695215461350037,1.04918372631073,0.508585155010223,0.9818474650383,-0.0100082030947468,0.00627607802810189,0.0227552901992597,-0.013867446354515,-0.0440401690348685,0.0452629157476945,-0.168772870928419,0.00415533569915254,0.0763622515640798,0.25068144231036,0.25068144231036,0.0161472823481528,0.25068144231036,11946.84,10.3738864
-0.00668969050553827,0.0101148999244946,0.976359605789185,0.0159977227449417,0.0017660022713244,-1.85380417240464,-0.0229569344492692,-0.0194983330563339,-0.0157159014793038,0.000791028739930202,0.0196107241693611,0.00486650822945026,1.04890298843384,0.506094574928284,0.984120666980743,-0.0110141158151028,0.0235718513181688,0.0311059286866642,-0.0040105410984751,-0.0355797154564293,0.0324743134636186,-0.0143701817194318,0.247082475573412,0.119294835534846,0.287087233722487,0.287087233722487,0.0184023862594607,0.287087233722487,11946.91,10.4405999
-0.00745492165384724,0.00946495548928352,0.976359605789185,0.0159977227449417,0.0017660022713244,-1.85380417240464,-0.0229569344492692,-0.0194983330563339,-0.0157159014793038,0.000553720117951141,0.0137275069185528,0.00340655576061518,1.04929971694946,0.504425168037415,0.986486613750458,-0.0239369934910454,0.0244992153907123,0.0425687456550822,0.00661214192713946,-0.0278234481813885,0.0394324461622407,-0.215381294600871,0.0154560678758568,0.191046949475255,0.316854427424749,0.316854427424749,0.0201926068356736,0.316854427424749,11946.97,10.5071826
-0.0073129544749585,0.0110279970813972,0.998170375823975,0.000152904671267606,-0.0158589109778404,-1.86398941410386,0.00425901536666216,0.0468912477634097,-0.251719284731285,0.142990966745633,0.16823347408547,0.0940517643253994,1.05117404460907,0.504336893558502,0.991447508335114,-0.0305451884660636,0.028522777229612,0.0611013702212221,0.0267761094223717,-0.00126106398443467,0.0708699226363925,-0.0944027853553417,0.0574794548401688,0.264751779510506,0.339743630847731,0.339743630847731,0.0215039376991246,0.339743630847731,11947.04,10.5740113
-0.0038406687416474,0.0112776399624389,0.998170375823975,0.000152904671267606,-0.0158589109778404,-1.86398941410386,0.104168571999333,0.00748928643125193,-0.0782330293451009,0.100093676721943,0.117763431859829,0.0658362350277796,1.05453586578369,0.506158888339996,0.996528208255768,-0.037179320041247,0.0342919712057777,0.0832969041203011,0.048026016780508,0.0260284968785959,0.0725814274382203,-0.0947733082173003,0.0824170568027097,0.317079055702446,0.355477850918675,0.355477850918675,0.0223244827255276,0.355477850918675,11947.11,10.6406845
-0.000368383008336293,0.0115272828434806,0.998170375823975,0.000152904671267606,-0.0158589109778404,-1.86398941410386,0.104168571999333,0.00748928643125193,-0.0782330293451009,0.07006557370536,0.0824344023018805,0.0460853645194457,1.05814707279205,0.509298980236053,1.00248992443085,-0.038434213690012,0.0280372326865598,0.110388862433734,0.0601867834732078,0.0523348649347297,0.0993619362521659,-0.0209148941462603,-0.10424564198785,0.451532638561055,0.364265310920315,0.364265310920315,0.0226745059151117,0.364265310920315,11947.17,10.7074689
0.00300906018306424,0.0115814889889446,1.013707280159,-0.0228135343641043,-0.0326300784945488,-1.91080409420334,0.101323295742016,0.00162618436391968,-0.2200386764909,0.255743852912099,0.208644589261692,0.453591876058998,1.06421482563019,0.515372931957245,1.00730967521667,-0.0450867248738553,0.0364770325875671,0.142394603970043,0.0866821834022856,0.0867707388745237,0.0688535826549668,-0.0950358740552999,0.120568570014892,0.457224879092027,0.366463663903686,0.366463663903686,0.0225872091665308,0.366463663903686,11947.24,10.7742049
0.00638650337446477,0.0116356951344086,1.013707280159,-0.0228135343641043,-0.0326300784945488,-1.91080409420334,0.101323295742016,0.00162618436391968,-0.0802065374757025,0.179020697038469,0.146051212483184,0.317514313241298,1.07185041904449,0.524437367916107,1.01274037361145,-0.048960426828397,0.0417993724279267,0.178456013488888,0.10907990591912,0.12949194227,0.077581405639971,-0.0553385993508256,0.0760334262911683,0.515162993128498,0.362700258455118,0.362700258455118,0.022114168265992,0.362700258455118,11947.31,10.8408988
0.00976394656586531,0.0116899012798726,1.013707280159,-0.0228135343641043,-0.0326300784945488,-1.91080409420334,0.101323295742016,0.00162618436391968,-0.0802065374757025,0.125314487926929,0.102235848738229,0.222260019268909,1.07922899723053,0.534505605697632,1.0167156457901,-0.0540735219359777,0.0396279415263214,0.209422174445709,0.122976303097902,0.167803963021748,0.0662545363093855,-0.0852182517911513,-0.0361905150259651,0.516102682602422,0.353777137668764,0.353777137668764,0.0213187236799705,0.353777137668764,11947.37,10.9076304
0.0148684720739944,0.00895452495626759,1.03511583805084,-0.0378268882632256,-0.0414495542645454,-1.99879533184372,0.153135765243871,-0.0820612897081505,-0.27557630363378,0.222840326640942,0.15094037604673,0.947503152251664,1.08912837505341,0.547974705696106,1.02199912071228,-0.0593693752429251,0.03106256155984,0.247994958345078,0.14141968318453,0.192415714264716,0.0754782131743163,-0.0756550472424204,-0.122362570950244,0.551039769993267,0.34065208646979,0.34065208646979,0.0202746911610495,0.34065208646979,11947.44,10.9743595
0.0199729975821234,0.00621914863266257,1.03511583805084,-0.0378268882632256,-0.0414495542645454,-1.99879533184372,0.153135765243871,-0.0820612897081505,-0.0828992826071683,0.155988228648659,0.105658263232711,0.663252206576165,1.09884524345398,0.562912225723267,1.02723467350006,-0.0531704348546439,0.0224210055584073,0.281470941418675,0.161947806677604,0.248958667121457,0.0872592131304201,0.103315673138898,-0.144025933358434,0.55793305123135,0.324398133048858,0.324398133048858,0.0190625246523649,0.324398133048858,11947.5,11.0410365
0.0250775230902525,0.00348377230905756,1.03511583805084,-0.0378268882632256,-0.0414495542645454,-1.99879533184372,0.153135765243871,-0.0820612897081505,-0.0828992826071683,0.109191760054061,0.0739607842628977,0.464276544603315,1.11012232303619,0.582263588905334,1.03194057941437,-0.0604495091619143,0.0212688885869938,0.324317217182966,0.161101136889446,0.276448045459262,0.0672272273475172,-0.103986775818581,-0.0164588138774046,0.612089653778139,0.306105900511224,0.306105900511224,0.0177619855338402,0.306105900511224,11947.57,11.1077483
0.0314579465962497,-0.00202329181991489,1.05831968784332,-0.0449690967798233,-0.0393065251410007,-2.11358541382157,0.191412705179916,-0.165211923869173,-0.290608125372695,0.140714108687223,0.0324852868721262,1.35810431902292,1.12285232543945,0.606414914131165,1.03520786762238,-0.0578564035700285,0.00733834395236764,0.353644036744009,0.181857177190174,0.345018931799007,0.0466755458288771,0.0370443655985219,-0.199007780495486,0.418954565159496,0.286909875306274,0.286909875306274,0.0164539067769325,0.286909875306274,11947.64,11.1744074
0.0378383701022469,-0.00753035594888734,1.05831968784332,-0.0449690967798233,-0.0393065251410007,-2.11358541382157,0.191412705179916,-0.165211923869173,-0.081773477240371,0.0984998760810559,0.0227397008104883,0.950673023316043,1.13532602787018,0.631949424743652,1.03965330123901,-0.0458936922146457,-0.00683184461689279,0.388736752278547,0.178195749006469,0.364778723027578,0.0635061945220164,0.170895876501739,-0.20243126527073,0.501324507625313,0.267792554274483,0.267792554274483,0.0152065079673633,0.267792554274483,11947.71,11.2412919
0.0442187936082441,-0.0130374200778598,1.05831968784332,-0.0449690967798233,-0.0393065251410007,-2.11358541382157,0.191412705179916,-0.165211923869173,-0.081773477240371,0.0689499132567391,0.0159177905673418,0.66547111632123,1.14663887023926,0.653577148914337,1.04338181018829,-0.0565773455275442,0.00700568042945507,0.439579771318888,0.188547372819594,0.360462069514473,0.0621418158218573,-0.17806088854982,0.230625417441089,0.847383650679553,0.249837449441852,0.249837449441852,0.0140918310135776,0.249837449441852,11947.77,11.3079963
0.0485437914393169,-0.0219271418641202,1.07309722900391,-0.0483944602310658,-0.0325317047536373,-2.23226636780106,0.129749934932186,-0.266691653587811,-0.199652932491426,0.0790932103408994,-0.0498309300891316,1.53395836724029,1.15950059890747,0.684689998626709,1.04533565044403,-0.0513442088430576,-0.00160126452191898,0.468535649621174,0.183738980975234,0.44446928160716,0.0279120036535061,0.0747590954929754,-0.122956356448712,0.41365540432009,0.233804760637168,0.233804760637168,0.0131579333138323,0.233804760637168,11947.84,11.3747765
0.0528687892703898,-0.0308168636503805,1.07309722900391,-0.0483944602310658,-0.0325317047536373,-2.23226636780106,0.129749934932186,-0.266691653587811,-0.0666550620461742,0.0553652472386296,-0.0348816510623922,1.0737708570682,1.171266913414,0.712500751018524,1.04695522785187,-0.0394176060739452,-0.0123603685494229,0.497304070701261,0.196105241777177,0.463512539867521,0.026992956797511,0.198776712820228,-0.179318400459921,0.479473684672178,0.220391482170836,0.220391482170836,0.0124456594304487,0.220391482170836,11947.9,11.4414828
0.0571937871014627,-0.0397065854366409,1.07309722900391,-0.0483944602310658,-0.0325317047536373,-2.23226636780106,0.129749934932186,-0.266691653587811,-0.0666550620461742,0.0387556730670407,-0.0244171557436745,0.751639599947742,1.18524706363678,0.747778534889221,1.05036234855652,-0.0298003164461308,-0.0248621209972024,0.51757013147782,0.199716431754806,0.503968341012053,0.0486731529237864,0.137389851826492,-0.178596463540449,0.289515153952047,0.210047350250097,0.210047350250097,0.0119776743980945,0.210047350250097,11947.97,11.5081842
0.0624786170445022,-0.0514509566112857,1.07065045833588,-0.0458022281527519,-0.0272818319499493,-2.34078377617203,0.158544898291185,-0.352331135239344,-0.0175872641035193,0.00379888244210403,-0.0643408642537646,1.50280439530217,1.19628739356995,0.781389772891998,1.05494952201843,-0.0472558137172314,-0.00428345632230851,0.578182729078271,0.157718999041793,0.480160542886335,0.0655310494544848,-0.249364246724566,0.293980923920638,0.865894251416115,0.203025263390843,0.203025263390843,0.0117623483965445,0.203025263390843,11948.04,11.5749901
0.0677634469875417,-0.0631953277859305,1.07065045833588,-0.0458022281527519,-0.0272818319499493,-2.34078377617203,0.158544898291185,-0.352331135239344,-0.0396082001157874,0.00265921770947282,-0.0450386049776352,1.05196307671152,1.20901215076447,0.818764209747314,1.05846095085144,-0.0493685989124108,-0.0259103889265997,0.601555768864781,0.181782245636742,0.533920526506736,0.0501632690431773,-0.0301826456455462,-0.308956180062587,0.333900568380103,0.199398767309156,0.199398767309156,0.0117944033020943,0.199398767309156,11948.11,11.6417535
0.0730482769305812,-0.0749396989605753,1.07065045833588,-0.0458022281527519,-0.0272818319499493,-2.34078377617203,0.158544898291185,-0.352331135239344,-0.0396082001157874,0.00186145239663098,-0.0315270234843446,0.736374153698061,1.21850526332855,0.852920472621918,1.06101584434509,-0.0472436039754688,-0.0238099968301725,0.632052077189736,0.158218542736125,0.569271047914887,0.0425815582279005,0.0354165822826681,0.0350065349407504,0.508271805420238,0.199012437109015,0.199012437109015,0.0120539694437684,0.199012437109015,11948.17,11.708476
0.0741232492739313,-0.0875122043249291,1.08459568023682,-0.037601999938488,-0.0175973456352949,-2.43293267620408,0.0322491703005016,-0.377175160930615,-0.173779340114434,-0.0724990372507336,-0.10922929327093,1.34480200787703,1.22907018661499,0.894387423992157,1.06551086902618,-0.0466617053776266,-0.0359287638505666,0.657169990631325,0.15092747552117,0.592385019577309,0.0642146383015714,0.00831283711206584,-0.173125243149208,0.358827334881333,0.201537274625217,0.201537274625217,0.0125116476926284,0.201537274625217,11948.24,11.775354
0.0751982216172813,-0.100084709689283,1.08459568023682,-0.037601999938488,-0.0175973456352949,-2.43293267620408,0.0322491703005016,-0.377175160930615,-0.0482723430059742,-0.0507493260755135,-0.0764605052896513,0.941361405513924,1.23690664768219,0.930643379688263,1.06926846504211,-0.0341295164192773,-0.0322270097133219,0.688120731828094,0.130607684450478,0.604265928255243,0.0626266002641359,0.208869815967929,0.061695902286065,0.515845686601551,0.20646235200307,0.20646235200307,0.0131257745721424,0.20646235200307,11948.3,11.8420483
0.0762731939606314,-0.112657215053637,1.08459568023682,-0.037601999938488,-0.0175973456352949,-2.43293267620408,0.0322491703005016,-0.377175160930615,-0.0482723430059742,-0.0355245282528594,-0.0535223537027559,0.658952983859746,1.24758696556091,0.973258078098297,1.07189381122589,-0.0283511395897783,-0.0213985071686389,0.710945794917194,0.152575969696679,0.608781405860162,0.0375049454826824,0.0825482404217576,0.154692893496115,0.326072329845644,0.213165796793699,0.213165796793699,0.0138526815782905,0.213165796793699,11948.37,11.9087368
0.0727247028784202,-0.124638826266631,1.09440624713898,-0.0320808365941048,-0.0155792431905866,-2.50753170383774,-0.106454732466335,-0.359448336389837,-0.133885064057246,-0.0745576398764508,-0.0556285695943043,1.13265833740483,1.25657200813293,1.01770389080048,1.07619404792786,-0.0236640339785994,-0.0212852421411707,0.738926220995449,0.128357751029412,0.634940181462339,0.0614319528854744,0.066958651588548,0.00161807182098179,0.399720372548161,0.22093591273746,0.22093591273746,0.0146461213032867,0.22093591273746,11948.44,11.9754648
0.069176211796209,-0.136620437479626,1.09440624713898,-0.0320808365941048,-0.0155792431905866,-2.50753170383774,-0.106454732466335,-0.359448336389837,-0.0455899619378,-0.0521903479135155,-0.038939998716013,0.792860836183378,1.26618611812592,1.06378781795502,1.07922470569611,-0.0284724557968121,-0.0118674679829553,0.764126866718452,0.137344428471728,0.65834181649618,0.043295110975173,-0.0686917402604671,0.134539630832207,0.360009224615826,0.228995762706673,0.228995762706673,0.0154597633440159,0.228995762706673,11948.51,12.0421755
0.0656277207139979,-0.148602048692621,1.09440624713898,-0.0320808365941048,-0.0155792431905866,-2.50753170383774,-0.106454732466335,-0.359448336389837,-0.0455899619378,-0.0365332435394609,-0.0272579991012091,0.555002585328364,1.27324247360229,1.10369539260864,1.08255159854889,-0.0173633091826606,-0.0151965544105892,0.785628526009479,0.117605924607322,0.665126244232737,0.0554482142135241,0.185152443570763,-0.05548477379437,0.358360988186821,0.236568713403233,0.236568713403233,0.0162529870479425,0.236568713403233,11948.57,12.1089354
0.0639613185643973,-0.158873947201645,1.08841347694397,-0.0320808365941048,-0.0155792431905866,-2.50753170383774,-0.0499920644880187,-0.308156955270733,0.0101488412223913,-0.0255732704776226,-0.0190805993708464,0.388501809729855,1.28250813484192,1.15136539936066,1.08701682090759,-0.0405947996932067,-0.0214449261720149,0.806725229066465,0.132366589138036,0.681000096460177,0.0637888908388883,-0.331878435866323,-0.0892624537350239,0.301381472243916,0.24288372798182,0.24288372798182,0.0169900960894056,0.24288372798182,11948.64,12.1756248
0.0615718420085503,-0.169017162258618,1.08841347694397,-0.0252146422863007,-0.0188812892884016,-2.57868605984055,-0.071684296675409,-0.304296451709192,-0.0422190193840665,-0.0796970381045728,0.0163619953207429,0.912340470836167,1.28993427753448,1.19308710098267,1.09007573127747,-0.0443726463665765,-0.0287934949742614,0.835124307846659,0.123769044873397,0.695361693684976,0.0509818394967713,-0.0629641112214566,-0.122476146701435,0.473317979659563,0.247254170013334,0.247254170013334,0.0176470880999005,0.247254170013334,11948.7,12.2423146
0.0591823654527033,-0.179160377315591,1.08841347694397,-0.0252146422863007,-0.0188812892884016,-2.57868605984055,-0.071684296675409,-0.304296451709192,-0.0422190193840665,-0.055787926673201,0.01145339672452,0.638638329585317,1.29678678512573,1.24289798736572,1.09491610527039,-0.0282494748957033,-0.0256575130306211,0.860478800995769,0.0978929655896578,0.711584091189482,0.0691481998991435,0.230331021013432,0.0447997420521913,0.362207044988788,0.249077855954038,0.249077855954038,0.0182102931063443,0.249077855954038,11948.77,12.3090265
0.0566094867297531,-0.189113035811007,1.1093065738678,-0.0318128280341625,-0.0260720886290073,-2.64937383068406,-0.0771863616885064,-0.298579754862475,-0.241412374155632,0.0203321230595161,0.0727345717726156,1.08323676830127,1.3044319152832,1.29408836364746,1.09852135181427,-0.0629350319474591,-0.0139440501019145,0.891793012023673,0.109216145107178,0.731291089742159,0.0515035220557038,-0.495507957884285,0.167335184696505,0.447345871829058,0.247868659344724,0.247868659344724,0.0186774291235089,0.247868659344724,11948.84,12.3757161
0.0540366080068029,-0.199065694306423,1.1093065738678,-0.0318128280341625,-0.0260720886290073,-2.64937383068406,-0.0771863616885064,-0.298579754862475,-0.0533745018411791,0.0142324861416613,0.050914200240831,0.758265737810892,1.31148195266724,1.34772932529449,1.10262036323547,-0.0464996573864053,-0.0367257899317987,0.917845004529851,0.100714819772322,0.766299452103667,0.0585573060174379,0.234791065158887,-0.325453426142556,0.372171321518377,0.243273153110848,0.243273153110848,0.0190590767441895,0.243273153110848,11948.91,12.4424536
0.0514637292838527,-0.209018352801839,1.1093065738678,-0.0318128280341625,-0.0260720886290073,-2.64937383068406,-0.0771863616885064,-0.298579754862475,-0.0533745018411791,0.00996274029916289,0.0356399401685817,0.530786016467625,1.31690049171448,1.39454817771912,1.10942399501801,-0.0441012563509852,-0.0235097651406854,0.948255022708457,0.0903089841214535,0.78031420708365,0.113393863043158,0.0399733505906748,0.220267079853757,0.5068336363144,0.235092776778186,0.235092776778186,0.0193761610318167,0.235092776778186,11948.97,12.5091403
