-0.0015902180578528,0.000748088975497287,0.972709774971008,0.00876517780125141,0.00889642629772425,-2.00736925601432,-0.023853270867792,0.0112213346324593,-0.00234229075439969,-0.0552206201478839,-0.0560474856756628,12.6464263128902,2.4072368144989,1.07331323623657,0.941726326942444,0.00389614922729367,0.00918074150683784,0.114675492696427,0.00916659729056571,0.004858210914493,0.050832503826436,-0.000149757431134367,0.000225875053375212,0.000547432895314185,0,0,0,0,11787.04,7.0551752
-0.0023853270867792,0.00112213346324593,0.972709774971008,0.00876517780125141,0.00889642629772425,-2.00736925601432,-0.023853270867792,0.0112213346324593,-0.00234229075439969,-0.0386544341035187,-0.0392332399729639,8.85249841902317,2.40559053421021,1.07734346389771,0.94139575958252,0.00718003339623165,0.00283496409860513,0.110918115657789,-0.0274380048118377,0.0671704610194504,-0.00550945599878537,0.0547314028160975,-0.105762956804776,-0.0626229506444994,0,0,0,0,11787.1,7.1233122
-0.0031804361157056,0.00149617795099457,0.972709774971008,0.00876517780125141,0.00889642629772425,-2.00736925601432,-0.023853270867792,0.0112213346324593,-0.00234229075439969,-0.0270581038724631,-0.0274632679810748,6.19674889331622,2.4033465385437,1.08125877380371,0.940875709056854,0.0151306160883935,0.00544731122429712,0.113995716665723,-0.0320570809501891,0.0559329986574591,-0.00742929322382065,0.113579752745641,0.0373192446528979,0.0439657286849588,0,0,0,0,11787.17,7.1902246
-0.00366955933595755,0.000850409365522956,0.967868983745575,0.00562164187431335,0.00793972425162792,-2.00651738643119,-0.0146736966075583,-0.0193730575641486,0.0390818886250938,0.00935115063171834,-0.0106139691718854,4.33005739907318,2.40101790428162,1.08526217937469,0.938963234424591,0.0131862329747857,0.0109499520509063,0.113364688514751,-0.0388105710350788,0.0667234261836312,-0.031874577204657,-0.0324063852270715,0.0917106804442652,-0.0105171358496275,0,0,0,0,11787.23,7.2570498
-0.00415868255620949,0.000204640780051338,0.967868983745575,0.00562164187431335,0.00793972425162792,-2.00651738643119,-0.0146736966075583,-0.0193730575641486,-0.00448523240380638,0.00654580544220284,-0.00742977842031978,3.03104017935123,2.39908862113953,1.09019446372986,0.938202083110809,0.0159824390290378,0.00784527563440101,0.112774410939929,-0.027561187743539,0.0704612050722273,-0.0108735901966446,0.0399458007741583,-0.0443525202348221,-0.00843253678298235,0,0,0,0,11787.3,7.3237838
-0.00444385366575287,-0.00111968210675168,0.967868983745575,0.00562164187431335,0.00793972425162792,-2.00651738643119,-0.00855513328630133,-0.0397296866040905,0.000753229786645289,0.00458206380954199,-0.00520084489422385,2.12172812554586,2.39609742164612,1.09465074539185,0.936708450317383,0.0117140955068082,0.0104632997094489,0.114228525881944,-0.0427314213345806,0.0636611666000833,-0.0213376113347532,-0.0609763360321053,0.0374003439294112,0.0207730706002901,0,0,0,0,11787.37,7.3905619
-0.00472914805690272,-0.00244388564390131,0.965233862400055,0.0107002938166261,0.00661389669403434,-2.00645897387931,-0.00855883173449534,-0.0397261061144891,0.0245381267315252,-0.0425004228141351,0.00829185659238557,1.48468397491518,2.39428043365479,1.09918546676636,0.937157452106476,0.0127108850308962,0.00786451317882482,0.11193962878509,-0.0302831331891405,0.0755786895758369,0.00748336315161382,0.0166131587349412,-0.0433131088441025,-0.0381482849478819,0,0,0,0,11787.43,7.4572537
-0.00501444244805256,-0.00376808918105095,0.965233862400055,0.0107002938166261,0.00661389669403434,-2.00645897387931,-0.00855883173449534,-0.0397261061144891,0.000822034621845057,-0.0297502959698945,0.0058042996146699,1.03927878244063,2.39239001274109,1.10399842262268,0.936894953250885,0.0107539570153585,0.0042857323654247,0.110409409069313,-0.0270060130529164,0.068756512233475,-0.00374998365131302,-0.0279561145077979,-0.0511254401916428,-0.0218602816540438,0,0,0,0,11787.5,7.523869
-0.0052997368392024,-0.00509229271820058,0.965233862400055,0.0107002938166261,0.00661389669403434,-2.00645897387931,-0.00855883173449534,-0.0397261061144891,0.000822034621845057,-0.0208252071789262,0.00406300973026893,0.727495147708439,2.39011859893799,1.10885548591614,0.936528563499451,0.0150586288588527,0.00348364414508948,0.114795992701133,-0.0324487686158576,0.0693866184782461,-0.00523413930622642,0.0614953120501732,-0.0114584031476937,0.0626654804548322,0,0,0,0,11787.57,7.5906799
-0.00617581876339826,-0.00612633535043072,0.958058059215546,0.0120575381442904,0.00648487731814384,-2.00664517878959,-0.0262824577258756,-0.0310212789669039,0.0628793682085887,-0.0267928439742277,0.00400528119420269,0.510922447588412,2.38827395439148,1.11362755298615,0.935446381568909,0.0197340398160214,-0.0096079419436598,0.104893728334881,-0.0263520649502351,0.0681723867146738,-0.0154597418649499,0.0667915851026871,-0.187022658411482,-0.141460919518482,0,0,0,0,11787.64,7.6573992
-0.00705190068759411,-0.00716037798266085,0.958058059215546,0.0120575381442904,0.00648487731814384,-2.00664517878959,-0.0262824577258756,-0.0310212789669039,-0.00170286045199482,-0.0187549907819594,0.00280369683594188,0.357645713311889,2.38681125640869,1.11744725704193,0.937065243721008,0.00561823395695756,0.00808839587713608,0.107240867810478,-0.0243782997126026,0.0636617342617126,0.0269810358677379,-0.235263430979261,0.294938963673493,0.0391189912590948,0,0,0,0,11787.7,7.7241215
-0.00792798261178996,-0.00819442061489098,0.958058059215546,0.0120575381442904,0.00648487731814384,-2.00664517878959,-0.0262824577258756,-0.0310212789669039,-0.00170286045199482,-0.0131284935473716,0.00196258778515932,0.250351999318322,2.38465523719788,1.12271630764008,0.936409056186676,0.0135942286725762,-0.00880983143489592,0.107506561835816,-0.0308002744403485,0.0752721514023777,-0.00937410763335719,0.113942781652168,-0.241403247315746,0.00379562893342499,0,0,0,0,11787.77,7.7908578
-0.00880262525678414,-0.00922959850685223,0.956665635108948,0.0122173931449652,0.00724108051508665,-2.00528953074882,-0.0262392793498253,-0.0310553367588374,0.0108069972481005,-0.0106286404892326,-0.00543201732287373,0.163045567155882,2.38249969482422,1.1271436214447,0.936442792415619,0.0160163601260078,-0.00601982951482138,0.107508839002396,-0.0307934624809456,0.0632473400663553,0.000481946127757305,0.0346018779063105,0.0398571702869447,3.25309511423229e-05,0,0,0,0,11787.84,7.8575189
-0.00967726790177832,-0.0102647763988135,0.956665635108948,0.0122173931449652,0.00724108051508665,-2.00528953074882,-0.0262392793498253,-0.0310553367588374,-0.00172481971128065,-0.00744004834246284,-0.00380241212601161,0.114131897009117,2.38077306747437,1.13122963905334,0.936361789703369,0.0160249249454594,-0.00753798289296434,0.107909296392412,-0.0287771224978029,0.0681002934779544,-0.00135004520417406,0.000142746990860971,-0.0253025563025974,0.00667428983365733,0,0,0,0,11787.9,7.9243059
-0.0102693941750485,-0.0110800882569273,0.956665635108948,0.0122173931449652,0.00724108051508665,-2.00528953074882,-0.0177637881981051,-0.0244593557434139,0.0125300409557107,-0.00520803383972399,-0.00266168848820813,0.0798923279063822,2.3789381980896,1.13600504398346,0.937196910381317,0.0171532327679745,-0.0100285789345333,0.104165850198171,-0.0262124197824751,0.0682200704304943,0.0119302953993067,0.016118683178854,-0.0355799434511328,-0.0534778027751044,0,0,0,0,11787.97,7.9912691
-0.0108624516201044,-0.0118946033460472,0.940976500511169,0.0125791421160102,0.0070048663765192,-2.00626227855155,-0.0177917233516788,-0.0244354526735965,0.153735683171581,-0.00690136442721194,0.000262745305361339,0.0646793597590769,2.37727332115173,1.14027559757233,0.938191533088684,0.0155699556966371,-0.00855252659376148,0.100836855008887,-0.0277479489638312,0.0711758931462328,0.0165770451224205,-0.0263879511883809,0.0246008723456598,-0.0554832531535133,0,0,0,0,11788.03,8.057958
-0.0114555090651604,-0.012709118435167,0.940976500511169,0.0125791421160102,0.0070048663765192,-2.00626227855155,-0.0177917233516788,-0.0244354526735965,0.012533471791576,-0.00483095509904836,0.000183921713752937,0.0452755518313538,2.37437987327576,1.14366209506989,0.939014196395874,0.00337128811369145,-0.00127119230054607,0.110301795167517,-0.0413349696569799,0.0483785356796096,0.0117523329599052,-0.174266679757091,0.104019061332081,0.135213430838136,0,0,0,0,11788.1,8.1246847
-0.0120485665102164,-0.0135236335242869,0.940976500511169,0.0125791421160102,0.0070048663765192,-2.00626227855155,-0.0177917233516788,-0.0244354526735965,0.012533471791576,-0.00338166856933385,0.000128745199627056,0.0316928862819477,2.37251949310303,1.14844524860382,0.94023609161377,0.00363623688712196,7.10349382222449e-05,0.108272415682559,-0.0265768596105318,0.0683307647707919,0.0174556459700084,0.00378498247759441,0.019174674839627,-0.0289911354995285,0,0,0,0,11788.17,8.1914228
-0.0124403905467988,-0.0141730657498632,0.954743802547455,0.0132247507572174,0.0069659766741097,-2.00605056285331,-0.0117547210974734,-0.0194829667672877,-0.137031167161239,-0.00817764576939866,0.000440128961424492,0.0202795791131837,2.37139415740967,1.15364933013916,0.94142758846283,0.00758192497719052,-0.00523812962728394,0.100969980755769,-0.0160762241909151,0.0743440219337285,0.0170213835580716,0.0563669727154995,-0.0758452080789752,-0.104320498954574,0,0,0,0,11788.24,8.258078
-0.0128322145833813,-0.0148224979754394,0.954743802547455,0.0132247507572174,0.0069659766741097,-2.00605056285331,-0.0117547210974734,-0.0194829667672877,-0.0131254488346704,-0.00572435203857906,0.000308090272997144,0.0141957053792286,2.36921811103821,1.15724086761475,0.942058026790619,0.00813208784380086,-0.00136787217568921,0.104020121641696,-0.036267439523541,0.0598589579251257,0.0105073054629258,0.00916938110997215,0.0645042908585042,0.0508356814309999,0,0,0,0,11788.3,8.3250472
-0.013970142965507,-0.0153492997910501,0.954743802547455,0.0132247507572174,0.0069659766741097,-2.00605056285331,-0.0341378514637724,-0.0158040544683189,2.08329345745785e-05,-0.00400704642700534,0.000215663191098001,0.00993699376546,2.36656832695007,1.16140198707581,0.943609058856964,-0.00278885911414587,-0.00217168004165874,0.109494769457116,-0.0378540584020826,0.0594445637296696,0.0221576009478809,-0.156013527971316,-0.0114829695138981,0.0782092545063356,0,0,0,0,11788.37,8.391768
-0.0151077205485034,-0.0158768579769182,0.942156374454498,0.0127973407506943,0.0069846105761826,-2.00538895129631,-0.0341273274898921,-0.0158267455760439,0.113314578546272,0.00104175755980445,-1.67408848875578e-05,0.00100139162276048,2.36483454704285,1.16616988182068,0.946002721786499,-0.000727499357585585,0.000150156047144832,0.107009947599896,-0.0247682843890539,0.0681127820698982,0.0341951847077838,0.0294479965224123,0.033169086983046,-0.035497455103295,0,0,0,0,11788.44,8.4585817
-0.0162452981314998,-0.0164044161627863,0.942156374454498,0.0127973407506943,0.0069846105761826,-2.00538895129631,-0.0341273274898921,-0.0158267455760439,2.77257096631461e-05,0.000729230291863116,-1.17186194212905e-05,0.000700974135932334,2.36297917366028,1.17071425914764,0.947936117649078,0.00769951398186671,0.000239124279717065,0.107874603866037,-0.0309228897097351,0.0757396221167318,0.032223264376596,0.140450222325397,0.00148280387621646,0.0144109377691439,0,0,0,0,11788.5,8.5254278
-0.0173828757144962,-0.0169319743486544,0.942156374454498,0.0127973407506943,0.0069846105761826,-2.00538895129631,-0.0341273274898921,-0.0158267455760439,2.77257096631461e-05,0.000510461204304181,-8.20303359490333e-06,0.000490681895152634,2.36104464530945,1.17580854892731,0.949596345424652,0.0088557100366694,0.000442655635555058,0.104604013274074,-0.0276361192976874,0.0727755682812038,0.0237175396511519,0.0165170864972499,0.00290759079769772,-0.0467227227425275,0,0,0,0,11788.57,8.5920944
-0.0166123362013825,-0.0180585192137623,0.942907333374023,0.0129366274923086,0.00686251278966665,-2.00442335605094,0.0231161853934117,-0.0337963459532345,-0.014361495154113,-0.000896257831516149,0.00109313795512713,-0.00834687988164511,2.35918235778809,1.18076467514038,0.952307522296906,0.0129357920126916,0.00227914776691936,0.102596157493031,-0.0266041074481435,0.0708018030442048,0.0387310981752099,0.0582868853719881,0.026235601876742,-0.028683654015023,0,0,0,0,11788.64,8.6588225
-0.0158417966882688,-0.0191850640788701,0.942907333374023,0.0129366274923086,0.00686251278966665,-2.00442335605094,0.0231161853934117,-0.0337963459532345,-0.00760286487838663,-0.000627380482061304,0.00076519656858899,-0.00584281591715158,2.35773158073425,1.18398940563202,0.953996956348419,0.00969292429837458,-0.000872783283668005,0.11075313410929,-0.0241796175633557,0.0537455081927966,0.0281572341912799,-0.0540477952374373,-0.0525321841753095,0.135949610268017,0,0,0,0,11788.7,8.7255548
-0.0150712571751551,-0.0203116089439779,0.942907333374023,0.0129366274923086,0.00686251278966665,-2.00442335605094,0.0231161853934117,-0.0337963459532345,-0.00760286487838663,-0.000439166337442913,0.000535637598012293,-0.0040899711420061,2.3553318977356,1.18937993049622,0.955389976501465,0.00360141022585934,-0.00296593521495383,0.104214900690442,-0.0342811856952458,0.0770074980602741,0.0199002879007349,-0.0870216296077224,-0.0299021704470647,-0.0934033345553523,0,0,0,0,11788.77,8.7922712
-0.0142987760115212,-0.021437455382793,0.962549328804016,0.0142915137112141,0.00631649885326624,-2.00301120280693,0.0231744349090153,-0.0337753931644514,-0.184339444526949,-0.0125013924063591,0.00528907174621233,-0.0155723589955713,2.35290336608887,1.19445037841797,0.955336093902588,0.00174628341252935,-0.0134735688656209,0.0992775609662901,-0.034693309239123,0.0724349703110573,-0.000769751412531102,-0.02650181161911,-0.15010905215301,-0.0705334246310385,0,0,0,0,11788.84,8.8589993
-0.0135262948478874,-0.022563301821608,0.962549328804016,0.0142915137112141,0.00631649885326624,-2.00301120280693,0.0231744349090153,-0.0337753931644514,-0.00756148565701506,-0.00875097468445136,0.00370235022234863,-0.0109006512968999,2.35019087791443,1.19937455654144,0.954933762550354,0.0154498904715549,-0.031224932659642,0.0907040350404605,-0.0387498310635679,0.0703454017642085,-0.00574759074622228,0.195765815129751,-0.253590911344214,-0.122478941798075,0,0,0,0,11788.91,8.9257117
-0.0127538136842535,-0.023689148260423,0.962549328804016,0.0142915137112141,0.00631649885326624,-2.00301120280693,0.0231744349090153,-0.0337753931644514,-0.00756148565701506,-0.00612568227911595,0.00259164515564404,-0.00763045590782992,2.34883451461792,1.20423066616058,0.954664528369904,0.0158374912992922,-0.0247046860525856,0.0925268511783292,-0.022606054942005,0.0809351603196974,-0.00448723634087875,0.00646001379567594,0.108670776785196,0.0303802689647363,0,0,0,0,11788.97,8.9923931
-0.0130755823140321,-0.0246266478114785,0.976526856422424,0.0138084478676319,0.00758286658674479,-2.00207493304679,-0.00965305889335773,-0.0281249865316646,-0.141391166618692,5.96149968582161e-05,-0.00958315799235609,-0.0137677469766675,2.3472318649292,1.20859205722809,0.954599380493164,0.00403843194390847,-0.0138832066759248,0.097975168080356,-0.0228949955526532,0.0623055866772812,-0.000930683953401142,-0.168557990787517,0.154592562520351,0.0778330985986843,0,0,0,0,11789.04,9.0590953
-0.0133973509438107,-0.025564147362534,0.976526856422424,0.0138084478676319,0.00758286658674479,-2.00207493304679,-0.00965305889335773,-0.0281249865316646,-0.015593418053018,4.17304978007513e-05,-0.00670821059464926,-0.00963742288366723,2.34539389610291,1.21180725097656,0.955258309841156,0.00374278293809868,-0.00703561153487873,0.103378601132896,-0.0306328137718258,0.0535865624750236,0.0109821557999589,-0.00492748343020497,0.11412658568507,0.0900572175431045,0,0,0,0,11789.1,9.1257753
-0.0137191195735893,-0.0265016469135895,0.976526856422424,0.0138084478676319,0.00758286658674479,-2.00207493304679,-0.00965305889335773,-0.0281249865316646,-0.015593418053018,2.92113484605259e-05,-0.00469574741625448,-0.00674619601856706,2.34322571754456,1.21670377254486,0.955516517162323,0.00566108846129573,-0.00544967530040919,0.104229046282495,-0.0309739794051232,0.0699503081188385,0.00368867601668665,0.0274043646172146,0.0226562319210876,0.0121492164228915,0,0,0,0,11789.17,9.1924645
-0.0144399749107442,-0.0277562980355492,0.960856258869171,0.0138084478676319,0.00758286658674479,-2.00207493304679,-0.0216256601146469,-0.0376395336587915,0.144176936864278,2.04479439223681e-05,-0.00328702319137814,-0.00472233721299694,2.3421733379364,1.22240281105042,0.955437183380127,0.0125883144511601,-0.025419758630085,0.0917000526285855,-0.0150339944022667,0.0814148357939699,-0.0011333397456625,0.0989603712841884,-0.285286904710841,-0.178985623628026,0,0,0,0,11789.24,9.2591799
-0.0151608302478991,-0.0290109491575089,0.960856258869171,0.0138084478676319,0.00758286658674479,-2.00207493304679,-0.0216256601146469,-0.0376395336587915,0.00314155888499967,1.43135607456577e-05,-0.0023009162339647,-0.00330563604909786,2.34008979797363,1.22634172439575,0.954588949680328,0.0194029793681779,-0.0374354826220988,0.092355171776182,-0.0347256660453846,0.0656485557541823,-0.0141372283296678,0.113577748614484,-0.200262066529192,0.0109186524597024,0,0,0,0,11789.3,9.3258673
-0.015882042932205,-0.0302651256078763,0.960856258869171,0.0139146177098155,0.00601801089942455,-2.00242612361381,-0.0216363805291775,-0.0376252935110214,0.00318862194391699,-0.000945509087130349,0.0124730598221068,0.000846769868780915,2.33871245384216,1.22906088829041,0.958885014057159,0.00917904749428468,0.0186017973096378,0.116884764406158,-0.0196763447353636,0.0388451984952089,0.0613723482406988,-0.146056169627653,0.800532570456709,0.350422751858256,0,0,0,0,11789.37,9.3925287
-0.0168303828327849,-0.031267582270377,0.981177866458893,0.0142674501985312,0.00772743299603462,-2.00080416202018,-0.0284501970173979,-0.0300736998750199,-0.202592474715828,-0.00383734875943208,-0.00665365699401586,-0.0140049154345047,2.33690357208252,1.2334052324295,0.957492232322693,0.00821790519848905,0.0175682645033845,0.119044636533496,-0.0258411679950154,0.0620620591302455,-0.0198968819210335,-0.0137306042257089,-0.0147647543751091,0.0308553161049598,0,0,0,0,11789.44,9.4592238
-0.0177787227333649,-0.0322700389328776,0.981177866458893,0.0142674501985312,0.00772743299603462,-2.00080416202018,-0.0284501970173979,-0.0300736998750199,-0.0196980064083328,-0.00268614413160246,-0.0046575598958111,-0.00980344080415331,2.3353123664856,1.237229347229,0.95574814081192,0.00909376061301853,0.0192251477684925,0.118120320263299,-0.0265200932822889,0.0637352466588662,-0.0290681918464585,0.0145975902422819,0.0276147210853687,-0.0154052711700791,0,0,0,0,11789.5,9.5259365
-0.0187270626339448,-0.0332724955953783,0.981177866458893,0.0142674501985312,0.00772743299603462,-2.00080416202018,-0.0284501970173979,-0.0300736998750199,-0.0196980064083328,-0.00188030089212172,-0.00326029192706777,-0.00686240856290732,2.33371472358704,1.24210906028748,0.953947842121124,0.00909262627894913,0.0182893903165987,0.116561147715157,-0.0228234699795173,0.0697101865498853,-0.0257185527257626,-1.62047724199502e-05,-0.0133679635985389,-0.0222738935449799,0,0,0,0,11789.57,9.5926048
-0.0198855580299956,-0.0343714455458978,0.985011875629425,0.0153738744556904,0.00734464079141617,-2.00054810046623,-0.034754861881523,-0.0329684985155846,-0.0392736439996591,-0.0112740289389183,0.00116292549261865,-0.00710823997963082,2.33212947845459,1.24669063091278,0.951703131198883,0.0103074447091704,0.0183204473325028,0.117194013357556,-0.0226463590350411,0.0654510089332032,-0.0320672988892935,0.0173545490032335,0.000443671655775275,0.00904093774859818,0,0,0,0,11789.64,9.6592849
-0.0210440534260463,-0.0354703954964173,0.985011875629425,0.0153738744556904,0.00734464079141617,-2.00054810046623,-0.034754861881523,-0.0329684985155846,-0.00476756146486908,-0.00789182025724281,0.000814047844833052,-0.00497576798574158,2.3310215473175,1.25013029575348,0.948413074016571,0.0131709848743005,-0.00249332873004969,0.112168097204078,-0.018465518951013,0.0573277473437194,-0.0548342863706699,0.0477256694177922,-0.346896267701637,-0.0837652692228098,0,0,0,0,11789.7,9.7259848
-0.0222025488220971,-0.0365693454469368,0.985011875629425,0.0153738744556904,0.00734464079141617,-2.00054810046623,-0.034754861881523,-0.0329684985155846,-0.00476756146486908,-0.00552427418006997,0.000569833491383136,-0.0034830375900191,2.32937288284302,1.25453054904938,0.946303427219391,0.0136106197055734,-0.000555337002431627,0.112079060805924,-0.0235523496356308,0.062860761370239,-0.0301378113884135,0.00628049758963928,0.0276855961089446,-0.00127194854505782,0,0,0,0,11789.77,9.7927179
-0.0233627242006457,-0.037666618040113,0.975093483924866,0.0163776725530624,0.00662682391703129,-2.00219748019645,-0.0348052613564581,-0.0329181777952864,0.0845077547213759,-0.0129011748023975,0.00685923531343212,0.0124062912590081,2.32754158973694,1.25899589061737,0.945477962493896,0.0141707541329022,0.00265154325420269,0.11253356456591,-0.0261613300869531,0.063790593828739,-0.0117923532213974,0.00800192039044528,0.0458125750949664,0.00649291085695756,0,0,0,0,11789.84,9.8594305
-0.0245228995791943,-0.0387638906332892,0.975093483924866,0.0163776725530624,0.00662682391703129,-2.00219748019645,-0.0348052613564581,-0.0329181777952864,-0.00475777061965802,-0.00903082236167823,0.00480146471940248,0.00868440388130568,2.32607936859131,1.2623211145401,0.945640325546265,0.0258646929897235,0.00868744444294427,0.11498382491322,-0.0243703524273716,0.0554203987126286,0.00270605087282571,0.194898980948675,0.100598353146547,0.0408376724555174,0,0,0,0,11789.9,9.9261433
-0.0256830749577429,-0.0398611632264654,0.975093483924866,0.0163776725530624,0.00662682391703129,-2.00219748019645,-0.0348052613564581,-0.0329181777952864,-0.00475777061965802,-0.00632157565317476,0.00336102530358174,0.00607908271691397,2.32509136199951,1.26642906665802,0.946714699268341,0.0191483976661269,0.00703978144014971,0.11364176874088,-0.0141143798828712,0.0586850302562429,0.0153481960297269,-0.0959470760517793,-0.023538042897163,-0.0191722310335122,0,0,0,0,11789.97,9.9927667
-0.0250425357716074,-0.0406173145909765,0.962508261203766,0.0166690684854984,0.00943279732018709,-2.00018165111015,0.0192161755840638,-0.0226845409353317,0.105224353146092,-0.00704766634914624,-0.022901042915895,-0.0138871038748936,2.32355141639709,1.27034258842468,0.946692764759064,0.0241724698289759,0.0113309621925701,0.106208709052106,-0.0219992228911911,0.0559074538082453,-0.000313350132526642,0.0717724594677052,0.0613025821760959,-0.106186566980168,0,0,0,-0.000420981842805638,11790.04,10.0595791
-0.024401996585472,-0.0413734659554875,0.962508261203766,0.0166690684854984,0.00943279732018709,-2.00018165111015,0.0192161755840638,-0.0226845409353317,-0.00804265134380624,-0.00493336644440237,-0.0160307300411265,-0.00972097271242553,2.32176542282104,1.27334022521973,0.946642994880676,0.0199185240715559,0.0130570488577073,0.107686990286192,-0.0297665596010828,0.0499606132511565,-0.000829497973131228,-0.0708990959576021,0.0287681110858646,0.0246380205683117,0,0,0,0.055112161303641,11790.1,10.1262731
-0.0237614573993365,-0.0421296173199986,0.962508261203766,0.0166690684854984,0.00943279732018709,-2.00018165111015,0.0192161755840638,-0.0226845409353317,-0.00804265134380624,-0.00345335651108166,-0.0112215110287886,-0.00680468089869787,2.32054996490479,1.27846837043762,0.947961390018463,0.0201338974304708,0.0107715294966921,0.119816614776733,-0.0173636845180688,0.0732592173988118,0.0188342162541764,0.00307676227022668,-0.0326502765860675,0.1732803498656,0,0,0,0.109283288448353,11790.17,10.1930056
-0.024389351175921,-0.0430676873733975,0.960294902324677,0.0166690684854984,0.00943279732018709,-2.00018165111015,-0.0188368132975343,-0.0281421016019676,0.0178460343376641,-0.00241734955775716,-0.00785505772015199,-0.00476327662908851,2.3196382522583,1.28201329708099,0.949523746967316,0.0146393500940334,0.0150123901374068,0.114839053122651,-0.0130244663784024,0.0506418091912332,0.0223193849837005,-0.0784935333780041,0.060583723439034,-0.0711080236300407,0,0,0,0.160757010799449,11790.24,10.2598004
-0.0250172449525055,-0.0440057574267964,0.960294902324677,0.0166690684854984,0.00943279732018709,-2.00018165111015,-0.0188368132975343,-0.0281421016019676,-0.0020741955741401,-0.00169214469043001,-0.00549854040410639,-0.00333429364036196,2.31610202789307,1.28640496730804,0.948105275630951,0.0181100774277989,0.0289006950245883,0.124789410913923,-0.0505174909321297,0.0627381461009863,-0.0202638762338663,0.0495818190539992,0.198404355531988,0.142147968447339,0,0,0,0.208180806326461,11790.31,10.3265088
-0.0256446929251444,-0.044944033668645,0.960294902324677,0.0168100744485855,0.0101913660764694,-1.99975202083061,-0.0188234391791668,-0.0281482872554583,-0.00209247996369462,-0.00245355495108474,-0.0106760970894154,-0.00620067806412251,2.31363821029663,1.28853893280029,0.94755345582962,0.0212075089763638,0.0362840910489655,0.125358922602628,-0.0410636266063628,0.0355660915366993,-0.00919699668864202,0.0516238591416212,0.123056600403601,0.00949186147819568,0,0,0,0.250532532615161,11790.37,10.3931971
-0.0261255514522426,-0.0460097117042077,0.971065759658813,0.0162400752305984,0.00785381812602282,-2.00020215510795,-0.0144257558129477,-0.0319703410668807,-0.11389671378534,0.00341250449612422,0.0135646635914286,-0.000289266148792007,2.31297254562378,1.29399263858795,0.948066115379333,0.0190090288910385,0.0283966360552057,0.12266559240209,-0.00950949532649043,0.0779100826811624,0.00732370785307523,-0.0314068583619212,-0.112677928482751,-0.0384761457221232,0,0,0,0.286970397358505,11790.44,10.4599273
-0.0266064099793409,-0.0470753897397704,0.971065759658813,0.0162400752305984,0.00785381812602282,-2.00020215510795,-0.0144257558129477,-0.0319703410668807,-0.0169589977781076,0.00238875314728696,0.00949526451400005,-0.000202486304154405,2.31091547012329,1.2987939119339,0.947806596755981,0.00952470599284392,0.0163568088535992,0.137062867695587,-0.0293867928642405,0.0685896192281032,-0.00370740890504471,-0.135490327117628,-0.171997531452238,0.205675361336529,0,0,0,0.316802955550348,11790.51,10.5266146
-0.0270872685064391,-0.0481410677753331,0.971065759658813,0.0162400752305984,0.00785381812602282,-2.00020215510795,-0.0144257558129477,-0.0319703410668807,-0.0169589977781076,0.00167212720310087,0.00664668515980004,-0.000141740412908083,2.30881285667419,1.30193829536438,0.946847677230835,0.0136864020295265,0.0212003980726553,0.152923089751687,-0.0350435574852421,0.0524063905084608,-0.0159819920859104,0.0693616006119651,0.0807264869849552,0.264337034270566,0,0,0,0.339801403216803,11790.57,10.5937733
-0.0283431923812232,-0.0487789377518946,0.964468657970428,0.0168446954339743,0.00781792867928743,-2.02540729045341,-0.0376777162435221,-0.0191360992968434,0.0566953099553448,-0.00427109278821174,0.00497568463247846,0.226746999820095,2.30701470375061,1.30661368370056,0.947296321392059,0.00644969337179535,0.0150177119128032,0.178004213380902,-0.0256878989084494,0.0667912619457297,0.00640920230323187,-0.103381552253732,-0.088324087998255,0.358301766133133,0,0,0,0.355637098533066,11790.64,10.6611193
-0.0295991162560073,-0.049416807728456,0.964468657970428,0.0168446954339743,0.00781792867928743,-2.02540729045341,-0.0376777162435221,-0.0191360992968434,-0.00267860524012027,-0.00298976495174822,0.00348297924273492,0.158722899874067,2.30410146713257,1.31177866458893,0.948789954185486,0.0102302881452387,0.0161204899035829,0.206938189497334,-0.04161766597112,0.0737854412607708,0.0213376113341987,0.0540084967622982,0.0157539712965093,0.413342515940007,0,0,0,0.364332440329612,11790.71,10.7278664
-0.0308550401307914,-0.0500546777050174,0.964468657970428,0.0168446954339743,0.00781792867928743,-2.02540729045341,-0.0376777162435221,-0.0191360992968434,-0.00267860524012027,-0.00209283546622375,0.00243808546991445,0.111106029911847,2.30330371856689,1.31549394130707,0.948497653007507,0.00751661693107636,0.00840931975825523,0.2382093647133,-0.01329580942801,0.0619212786361864,-0.00487168629968328,-0.045227853569757,-0.128519502423219,0.521186253603857,0,0,0,0.366451292483522,11790.77,10.7946421
-0.0321499433131314,-0.0506095056495673,0.962146818637848,0.0154721271246672,0.00750183640047908,-2.0904686212487,-0.0388470954702009,-0.0166448383364945,0.018249865740546,0.0108881299574073,0.00455149033821531,0.663326198095885,2.30136513710022,1.32054233551025,0.949436843395233,0.00744025243949141,0.0067679995673641,0.267306151267153,-0.0276940209526124,0.0721199171886718,0.0134170055389962,-0.00109092130836086,-0.0234474312985422,0.415668379342483,0,0,0,0.362615752031792,11790.84,10.8613251
-0.0334448464954714,-0.0511643335941171,0.962146818637848,0.0154721271246672,0.00750183640047908,-2.0904686212487,-0.0388470954702009,-0.0166448383364945,-0.00264668825267908,0.00762169097018508,0.00318604323675072,0.46432833866712,2.2993221282959,1.32577741146088,0.948987007141113,0.00957201595073267,0.0108041730510008,0.302229114389583,-0.029185840061854,0.0747867992949189,-0.00642623220173919,0.0304537644464303,0.0576596211950496,0.498899473179651,0,0,0,0.353489282315651,11790.91,10.9289003
-0.0347397496778114,-0.0517191615386669,0.962146818637848,0.0154721271246672,0.00750183640047908,-2.0904686212487,-0.0388470954702009,-0.0166448383364945,-0.00264668825267908,0.00533518367912956,0.0022302302657255,0.325029837066984,2.29619121551514,1.32957231998444,0.948085784912109,0.0127709959352941,0.0160318727143261,0.338163184689471,-0.0521818796798049,0.0632484753931964,-0.0150203704835259,0.0533163330764767,0.0871283277228273,0.598901171669892,0,0,0,0.340293122556987,11790.97,10.9955274
-0.0358951045946445,-0.0528455683835976,0.978650867938995,0.0184745211154222,0.00897815078496933,-2.19082615374992,-0.0346606475049908,-0.0337922053479217,-0.166658936812015,-0.023286917341405,-0.0117256682744044,1.13073867845788,2.29509425163269,1.33554661273956,0.948293089866638,0.0107902257516171,0.00615120343928011,0.374491412956437,-0.0156709126060335,0.0853470393570935,0.00296149935034691,-0.0282967169090545,-0.141152418211861,0.518974689516746,0,0,0,0.323915871189444,11791.04,11.0624379
-0.0370504595114775,-0.0539719752285283,0.978650867938995,0.0184745211154222,0.00897815078496933,-2.19082615374992,-0.0346606475049908,-0.0337922053479217,-0.018122493101688,-0.0163008421389835,-0.00820796779208309,0.791517074920512,2.29241538047791,1.34037256240845,0.944790184497833,0.0242502763741054,-0.00237031757589889,0.402186227921035,-0.0382695879256613,0.0689421381272049,-0.0500415052688499,0.192286437464918,-0.121736014503063,0.395640213781617,0,0,0,0.305579765574376,11791.11,11.1291629
-0.0382058144283105,-0.055098382073459,0.978650867938995,0.0184745211154222,0.00897815078496933,-2.19082615374992,-0.0346606475049908,-0.0337922053479217,-0.018122493101688,-0.0114105894972885,-0.00574557745445816,0.554061952444359,2.29036402702332,1.3428772687912,0.945536553859711,0.0412281595276858,0.0106900330091491,0.450189016146012,-0.0341892242434543,0.0417451063795454,0.0124394893647296,0.282964719228743,0.217672509752648,0.800046470423087,0,0,0,0.286358488952656,11791.17,11.1958746
-0.0395339092840454,-0.0567587957247182,0.971490383148193,0.0184745211154222,0.00897815078496933,-2.19082615374992,-0.0398428456720472,-0.0498124095377757,0.0611073534952379,-0.00798741264810193,-0.00402190421812071,0.387843366711051,2.28742933273315,1.34742379188538,0.94139838218689,0.0127334721701989,-0.0131875665670016,0.486690420657883,-0.0419242041453333,0.0649503299170879,-0.0591167381834036,-0.407066962251505,-0.341108565375001,0.521448635886037,0,0,0,0.267317253008763,11791.24,11.2625543
-0.0410495623935625,-0.0582495987970554,0.971490383148193,0.0170171149075031,0.0106873046606779,-2.30973277091453,-0.0454695932855114,-0.044724092170114,-0.00340964986655919,0.00752546701760074,-0.0181977178340617,1.34164991117924,2.28371477127075,1.34951937198639,0.941135168075562,0.0268306133157683,0.0100145052090881,0.531719075143473,-0.0530651637488255,0.0299368585860271,-0.00376020159041742,0.201387730651828,0.331458168231232,0.643266492653956,0,0,0,0.24938963515336,11791.31,11.3293068
-0.0425652155030795,-0.0597404018693925,0.971490383148193,0.0170171149075031,0.0106873046606779,-2.30973277091453,-0.0454695932855114,-0.044724092170114,-0.00340964986655919,0.00526782691232052,-0.0127384024838432,0.93915493782547,2.28347587585449,1.35261380672455,0.941674768924713,0.00538073040797094,0.00145726745715294,0.576240740358811,-0.00398159027090918,0.0515739123015272,0.00899334748566388,-0.357498048455486,-0.142620629195807,0.742027753572771,0,0,0,0.233501385632896,11791.37,11.3957077
-0.0442529441852764,-0.0597194690105414,0.969294726848602,0.0184016115963459,0.0125540504232049,-2.4259999751992,-0.0506318604659058,0.000627985765534362,0.0189965439647473,-0.0087729913609606,-0.0257175936014331,1.70381329503984,2.28006672859192,1.35497426986694,0.940573275089264,0.0035887357489174,0.00399594314984728,0.603722815764469,-0.0487021037512488,0.0337209020343548,-0.0157356262207685,-0.0255999237008712,0.0362667956100698,0.392601077225324,0,0,0,0.220090912460376,11791.44,11.4627296
-0.0459406728674732,-0.0596985361516902,0.969294726848602,0.0184016115963459,0.0125540504232049,-2.4259999751992,-0.0506318604659058,0.000627985765534362,-0.000764362731572259,-0.00614109395267242,-0.0180023155210032,1.19266930652789,2.28357863426208,1.36387646198273,0.940545439720154,0.0621162823166427,-0.0285553192648364,0.607261205807986,0.0501700810025802,0.127174173083153,-0.000397648130146045,0.836107808113837,-0.465018034497415,0.0505484291933082,0,0,0,0.209831365968619,11791.51,11.5294092
-0.0476284015496701,-0.0596776032928391,0.969294726848602,0.0184016115963459,0.0125540504232049,-2.4259999751992,-0.0506318604659058,0.000627985765534362,-0.000764362731572259,-0.00429876576687069,-0.0126016208647022,0.834868514569522,2.28201103210449,1.36541259288788,0.939546346664429,0.087329566535218,-0.0370755290503944,0.631977114741717,-0.026126702626768,0.0256021817527401,-0.016651550928893,0.42022140364649,-0.142003496427171,0.411931815565676,0,0,0,0.202900885930316,11791.57,11.596127
-0.0491049073612888,-0.0591717158830148,0.963804483413696,0.0184233356267214,0.0125894509255886,-2.53062233924339,-0.044295174348562,0.0151766222947281,0.0465531909026905,-0.00320465231018881,-0.00913973912674495,1.52600923659637,2.27960848808289,1.36228036880493,0.941951096057892,0.0359575116418306,0.00638767064705221,0.67241972311676,-0.0343220574516633,-0.0447460583279971,0.0343535627639019,-0.733886498480014,0.620902852823247,0.577751548217297,0,0,0,0.199355973332225,11791.64,11.6627968
-0.0505814131729076,-0.0586658284731905,0.963804483413696,0.0184233356267214,0.0125894509255886,-2.53062233924339,-0.044295174348562,0.0151766222947281,-0.00285900001146353,-0.00224325661713217,-0.00639781738872146,1.06820646561746,2.27843737602234,1.36397182941437,0.938979685306549,0.0729462812068738,-0.0239793252096639,0.69150865407477,-0.0167301722931616,0.0241637229914159,-0.0424487250182559,0.528410993774797,-0.433814226515047,0.272699013679908,0,0,0,0.199038713080958,11791.71,11.7295395
-0.0520579189845263,-0.0581599410633663,0.963804483413696,0.0184233356267214,0.0125894509255886,-2.53062233924339,-0.044295174348562,0.0151766222947281,-0.00285900001146353,-0.00157027963199252,-0.00447847217210502,0.747744525932222,2.27749156951904,1.36273217201233,0.939660489559174,0.0570151077884277,-0.0134785099820239,0.719536305578023,-0.0157634417217321,-0.0206609567008183,0.0113467375438382,-0.265519556976355,0.175013587128818,0.467127525058183,0,0,0,0.201612375607607,11791.77,11.79622
-0.0534866368063676,-0.0575313741916485,0.959283530712128,0.0186966694891453,0.0108520919457078,-2.61513206958244,-0.042861534655238,0.0188570061515335,0.0378558748101644,-0.00355920050420983,0.0125013002984538,1.28400874120401,2.27654981613159,1.36136972904205,0.940157890319824,0.0546315410561083,-0.0128027041202272,0.745441169027948,-0.013453619820787,-0.019463471004022,0.00710572515218147,-0.0340509533189906,0.00965436945427992,0.370069477857611,0,0,0,0.206576086225809,11791.84,11.8628864
-0.0549153546282088,-0.0569028073199307,0.959283530712128,0.0186966694891453,0.0108520919457078,-2.61513206958244,-0.042861534655238,0.0188570061515335,-0.00283269950395303,-0.00249144035294688,0.00875091020891764,0.898806118842805,2.27518177032471,1.36043381690979,0.940335750579834,0.0666484996167662,-0.00970965680518797,0.778578653718889,-0.0195435115270065,-0.0133701733181011,0.00254086085729293,0.171670836581542,0.0441863902150292,0.473392638443981,0,0,0,0.213323543330426,11791.91,11.9297261
-0.0563440724500501,-0.0562742404482129,0.959283530712128,0.0186966694891453,0.0108520919457078,-2.61513206958244,-0.042861534655238,0.0188570061515335,-0.00283269950395303,-0.00174400824706282,0.00612563714624235,0.629164283189964,2.27526640892029,1.35584020614624,0.943938910961151,0.0214040266041019,0.0164330372557647,0.832272921819318,0.00141064325969622,-0.0765601793931466,0.0600526730224621,-0.754074550217473,0.435711567686244,0.894904468348074,0,0,0,0.221102224943899,11791.97,11.9964055
-0.0571320966633546,-0.0547428530458511,0.944123804569244,0.0198304634541273,0.0103782312944531,-2.68843910693595,-0.0236407263991354,0.0459416220708548,0.133691240087018,-0.0114249514577823,0.00855269186366153,1.10017833441462,2.27383184432983,1.3524876832962,0.944756090641022,0.0122741025958282,0.035327247774167,0.855041792964244,-0.0204937798631827,-0.0478931835709063,0.0116739954264681,-0.130427485829635,0.269917293114141,0.325269587777557,0,0,0,0.229138844340044,11792.04,12.0629399
-0.0579201208766591,-0.0532114656434893,0.944123804569244,0.0198304634541273,0.0103782312944531,-2.68843910693595,-0.0236407263991354,0.0459416220708548,-0.00274629519893174,-0.00799746602044759,0.00598688430456307,0.770124834090231,2.27348017692566,1.35028612613678,0.944872677326202,0.0179373779004046,0.0443314161273521,0.871371832499176,-0.00502382005966095,-0.0314508165633283,0.00166552407401641,0.0809039329228564,0.128630976474607,0.233286279071428,0,0,0,0.236712138165976,11792.11,12.1298544
-0.0587081450899636,-0.0516800782411274,0.944123804569244,0.0198304634541273,0.0103782312944531,-2.68843910693595,-0.0236407263991354,0.0459416220708548,-0.00274629519893174,-0.00559822621431331,0.00419081901319415,0.539087383863161,2.27425456047058,1.34694838523865,0.944186210632324,0.0138641035159476,0.0440234821802589,0.90460157780649,0.0129063924154741,-0.0556290149693443,-0.0114411115647333,-0.0678879064081922,-0.00513223245159653,0.553829088459946,0,0,0,0.242998199076554,11792.17,12.1965925
-0.0590597804782282,-0.0496046444369432,0.960020005702972,0.0198304634541273,0.0103782312944531,-2.68843910693595,-0.0105490616479367,0.0622630141255277,-0.153435366533417,-0.00391875835001932,0.0029335733092359,0.377361168704213,2.27459144592285,1.34359896183014,0.943752884864807,0.0113366068090628,0.0510775933394721,0.925754980661158,0.00481264931817012,-0.0478489058360318,-0.00619036810741274,-0.0361070958127907,0.100773016560607,0.302191469353649,0,0,0,0.24731994926707,11792.24,12.2632642
-0.0592637902084179,-0.0475098319232623,0.960020005702972,0.0200259387493134,0.00897246692329645,-2.75949285029838,-0.00612029190569074,0.0628443754104262,-0.0103953280407223,-0.00450240850168791,0.0147053806568754,0.90363650835479,2.27528357505798,1.33891439437866,0.942567586898804,0.00452539857262788,0.0630045167719929,0.955418163439582,0.00988755907335305,-0.0669223921642361,-0.0169328280858335,-0.0973029748066176,0.170384620465292,0.423759753979256,0,0,0,0.249085011937459,11792.31,12.3299713
-0.0594677999386076,-0.0454150194095814,0.960020005702972,0.0200259387493134,0.00897246692329645,-2.75949285029838,-0.00612029190569074,0.0628443754104262,-0.0103953280407223,-0.00315168595118154,0.0102937664598128,0.632545555848353,2.27458143234253,1.33370101451874,0.935795307159424,-0.00784262598141139,0.00877798653668273,0.994822338159183,-0.0117023785906463,-0.0868896643301753,-0.112871328987201,-0.206133742562822,-0.903775503902108,0.656736245312346,0,0,0,0.247806984111757,11792.37,12.3967015
-0.0589614079699926,-0.044213003387652,0.961501777172089,0.0201001632958651,0.00876578968018293,-2.83391342162559,0.0151917590584488,0.0360604806578826,-0.017665505081701,-0.00287420108479241,0.00906573170989059,1.11256703103873,2.27879357337952,1.3310272693634,0.936043083667755,0.00958354812241932,0.00510565881738218,1.01204723098998,0.0601734433857831,-0.0381963593620798,0.00353966440474756,0.248945344341474,-0.0524618245616545,0.246069897583785,0,0,0,0.243141451244329,11792.44,12.4633876
-0.0584550160013776,-0.0430109873657226,0.961501777172089,0.0201001632958651,0.00876578968018293,-2.83391342162559,0.0151917590584488,0.0360604806578826,-0.00432956185965509,-0.00201194075935469,0.00634601219692341,0.778796921727113,2.28348207473755,1.32742834091187,0.935343623161316,0.0120565808992847,0.0191195187823407,1.04425505269711,0.0669785908293103,-0.051413263593615,-0.0099922929491731,0.0353290396696527,0.20019799950024,0.460111738675176,0,0,0,0.234873748777294,11792.51,12.5301564
-0.0579486240327627,-0.0418089713437932,0.961501777172089,0.0201001632958651,0.00876578968018293,-2.83391342162559,0.0151917590584488,0.0360604806578826,-0.00432956185965509,-0.00140835853154828,0.00444220853784639,0.545157845208979,2.28418040275574,1.32201421260834,0.932843089103699,0.0124193107151765,-0.0213176198735388,1.06874374949099,0.0116388003032401,-0.0902354717262298,-0.0416755676273069,0.00604549693158108,-0.673952310937046,0.40814494656825,0,0,0,0.2229642787248,11792.57,12.5968603
-0.0562567730899379,-0.0414639613908717,0.954199969768524,0.0179168432950974,0.00756268855184317,-2.91436979770133,0.0507555282847431,0.0103502985876442,0.0713143429150647,0.0186640290348256,0.0139374561315504,1.10571787632799,2.28839802742004,1.31660974025726,0.931431174278259,0.0135863258945017,-0.00155177212461176,1.11329525548998,0.0602517809189168,-0.0772067478728098,-0.020170211792076,0.0166716454190001,0.282369253557274,0.636450085702409,0,0,0,0.207484656163553,11792.64,12.6635861
-0.0545649221471131,-0.0411189514379502,0.954199969768524,0.0179168432950974,0.00756268855184317,-2.91436979770133,0.0507555282847431,0.0103502985876442,0.0055980762829846,0.0130648203243779,0.00975621929208527,0.774002513429591,2.29077696800232,1.30742657184601,0.929428398609161,-0.00699619522721974,0.0281005136077537,1.14749841093538,0.0339848654603352,-0.13118812015792,-0.0286110809864883,-0.294036016018173,0.423604081881689,0.488616506352314,0,0,0,0.188642103337766,11792.71,12.7303335
-0.0528730712042884,-0.0407739414850288,0.954199969768524,0.0179168432950974,0.00756268855184317,-2.91436979770133,0.0507555282847431,0.0103502985876442,0.0055980762829846,0.00914537422706453,0.00682935350445969,0.541801759400714,2.29305171966553,1.30091404914856,0.92775171995163,-0.0354755405245756,0.0592121598454056,1.17367442966628,0.0324964523316781,-0.0930360385353687,-0.023952552250553,-0.406847789963918,0.44445208911116,0.373943124728595,0,0,0,0.166781703327042,11792.78,12.7970184
-0.0511587087653362,-0.0405694848269276,0.963556230068207,0.0180612988770008,0.00815587118268013,-2.99685451983879,0.0514308731685657,0.0061336997430353,-0.0785866294419938,0.00510166172181405,-0.000558096224410894,1.12162373081756,2.29742836952209,1.29591834545135,0.923838913440704,-0.0119916362002848,0.0577196722257856,1.19437056331065,0.0729441642767422,-0.0832617282874499,-0.0652134418493085,0.391398405408169,-0.0248747936605442,0.344935560742455,0,0,0,0.142298611855983,11792.84,12.8636804
-0.049444346326384,-0.0403650281688264,0.963556230068207,0.0180612988770008,0.00815587118268013,-2.99685451983879,0.0514308731685657,0.0061336997430353,0.00561971325514974,0.00357116320526984,-0.000390667357087626,0.785136611572292,2.302579164505,1.2898451089859,0.918966710567474,-0.00591618401259098,0.0508055154633618,1.21621904183612,0.073582785470451,-0.0867605209354193,-0.0696028981892891,0.0867921741102727,-0.0987736680350367,0.312121121793752,0,0,0,0.115624696951273,11792.91,12.9303943
-0.0477299838874318,-0.0401605715107252,0.963556230068207,0.0180612988770008,0.00815587118268013,-2.99685451983879,0.0514308731685657,0.0061336997430353,0.00561971325514974,0.00249981424368889,-0.000273467149961338,0.549595628100604,2.30813026428223,1.28482580184937,0.91726952791214,0.00278738114958562,0.0515095817395385,1.24278993253499,0.0925183296211467,-0.0836551189429709,-0.028286377589148,0.145059419370841,0.0117344379363793,0.442848178318207,0,0,0,0.087286013126999,11792.97,12.9970729
-0.0464212058118432,-0.0395710948516667,0.959662914276123,0.0186685770750046,0.00907428469508886,-3.07295236586998,0.0392633422676567,0.0176842997717565,0.0395243944349591,-0.0037156338114517,-0.00845714861665154,1.06959755395112,2.3121235370636,1.27633261680603,0.91668975353241,-0.023268766663448,0.0974990527248994,1.26209299134946,0.0570467540183558,-0.121331214902137,-0.00828249113882242,-0.372230683035212,0.656992442633671,0.275757983057927,0,0,0,0.0577440254401538,11793.04,13.0637988
-0.0451124277362547,-0.0389816181926081,0.959662914276123,0.0186685770750046,0.00907428469508886,-3.07295236586998,0.0392633422676567,0.0176842997717565,0.00448455230620546,-0.00260094366801619,-0.00592000403165608,0.748718287765787,2.31794238090515,1.26616609096527,0.912233293056488,-0.0407794223187709,0.0688321177583505,1.28432766561746,0.0831263405939561,-0.145236083440022,-0.0636637210848594,-0.250152223648511,-0.409527642380972,0.317638203829838,0,0,0,0.0274885531441662,11793.11,13.13054
-0.0438036496606661,-0.0383921415335496,0.959662914276123,0.0186685770750046,0.00907428469508886,-3.07295236586998,0.0392633422676567,0.0176842997717565,0.00448455230620546,-0.00182066056761133,-0.00414400282215925,0.524102801436051,2.32349967956543,1.25805795192719,0.902719736099243,0.0154568169019293,0.0240744873430369,1.29391534903377,0.0793899808614489,-0.115830557687424,-0.135907956532635,0.803374846013344,-0.639394720221424,0.136966905947906,0,0,0,-0.00303518900904818,11793.18,13.1972764
-0.0423123782495789,-0.0390945951998025,0.939841449260712,0.0186685770750046,0.00907428469508886,-3.07295236586998,0.044738142332616,-0.0210736099875885,0.180203974437122,-0.00127446239732793,-0.00290080197551148,0.366871961005235,2.33024454116821,1.25101220607758,0.901414930820465,0.0300074051390503,0.0273260465954543,1.29668151655573,0.112414360047341,-0.117429097494486,-0.0217467546464859,0.242509803954075,0.0541926542074168,0.0461027920329417,0,0,0,-0.0334416812353567,11793.24,13.263993
-0.0408683825205734,-0.0398897307869766,0.939841449260712,0.0215232819318771,0.00735027808696032,-3.13622961043785,0.0433198718701647,-0.023854067615223,0.00180680392917259,-0.0265844673899826,0.0134854980902989,0.826305573814505,2.3403160572052,1.24256658554077,0.903867125511169,-0.00448646879713094,0.0345665379802615,1.32788311543232,0.143878800528988,-0.120651721954847,0.0350313527244934,-0.492769627661781,0.103435591211961,0.44573712681036,0,0,0,-0.0634197166466419,11793.31,13.3306866
-0.0394243867915679,-0.0406848663741507,0.939841449260712,0.0215232819318771,0.00735027808696032,-3.13622961043785,0.0433198718701647,-0.023854067615223,0.00180680392917259,-0.0186091271729878,0.00943984866320923,0.578413901670153,2.35012292861938,1.23194074630737,0.90463262796402,-0.0135359896005968,0.0581813669902354,1.34761152414683,0.140098163056722,-0.15179770333095,0.0109357493261947,-0.129278868618119,0.337354700135121,0.281834410201178,0,0,0,-0.0927342326968719,11793.38,13.3973593
-0.0377963417164834,-0.0437833467713525,0.937130153179169,0.0209062937647104,0.00869335979223251,3.10788181225459,0.0488413522525373,-0.0929544119160541,0.0211286589902852,-0.00747349551659107,-0.00547984128320332,-55.7921130730628,2.35914087295532,1.22325932979584,0.905409038066864,-0.0149742981936329,0.0640443071493384,1.34794585450124,0.150299072266901,-0.144690275193489,0.0129401683808471,-0.0239718098841378,0.0977156693192124,0.00557217257340474,0,0,0,-0.121257136074578,11793.44,13.4640955
-0.0361682966413988,-0.0468818271685543,0.937130153179169,0.0209062937647104,0.00869335979223251,3.10788181225459,0.0488413522525373,-0.0929544119160541,-0.00327300574360154,-0.00523144686161375,-0.00383588889824233,-39.054479151144,2.36716723442078,1.21230721473694,0.902103662490845,-0.00722104516223026,0.0255564913917238,1.3431276187398,0.114662306649821,-0.156458786556349,-0.0472196510861861,0.110760757591927,-0.54982593939678,-0.068831939449358,0,0,0,-0.148848424496299,11793.51,13.5308009
-0.0345402515663142,-0.0499803075657561,0.937130153179169,0.0209062937647104,0.00869335979223251,3.10788181225459,0.0488413522525373,-0.0929544119160541,-0.00327300574360154,-0.00366201280312963,-0.00268512222876963,-27.3381354058008,2.37625455856323,1.20295977592468,0.903163015842438,0.00579355180373932,0.0189733492889515,1.34522877539456,0.151455402375553,-0.155790646872253,0.0176558891933668,0.216909949434668,-0.109719035047136,0.0350192775795744,0,0,0,-0.175466566182263,11793.57,13.5974817
-0.0311036519614228,-0.0523851174536558,0.928476393222809,0.0209062937647104,0.00869335979223251,3.10788181225459,0.103097988146742,-0.0721442966369893,0.0539405597431586,-0.00256340896219074,-0.00187958556013874,-19.1366947840605,2.38821291923523,1.19206631183624,0.905125558376312,0.00568804086338651,0.00814665593438855,1.34182704699067,0.170833723886383,-0.155620915549789,0.0280363219126096,-0.00150729914790349,-0.154667047922971,-0.0485961200556763,0,0,0,-0.201107575507538,11793.64,13.664143
-0.0276803972789535,-0.0548111249273188,0.928476393222809,0.0189025141298771,0.0113524533808231,3.10105010668437,0.10269764047408,-0.0727802242098904,-0.0238430811496985,0.0162396304399665,-0.0252475521894127,-13.3342009987104,2.40116834640503,1.17967224121094,0.90699291229248,-0.00420717430579598,0.0120832844519549,1.34099427664991,0.1850775309931,-0.177058151786209,0.0266764845161065,-0.141360216699521,0.0562375502497208,-0.0118967191535753,0,0,0,-0.225820282410135,11793.71,13.7308809
-0.0242571425964841,-0.0572371324009818,0.928476393222809,0.0189025141298771,0.0113524533808231,3.10105010668437,0.10269764047408,-0.0727802242098904,-0.0238430811496985,0.0113677413079766,-0.0176732865325889,-9.33394069909727,2.41570830345154,1.16823387145996,0.910479843616486,-0.00669489050315891,0.0417128303442771,1.33058277716351,0.207713672093846,-0.163405282157487,0.0498133046288518,-0.0355388028196181,0.423279227034933,-0.148735706949069,0,0,0,-0.249596243240258,11793.78,13.797641
-0.0207769653661508,-0.0595819599373004,0.934484541416168,0.0188352223485708,0.0121058048680425,3.12455197970072,0.10440531691,-0.0703448260895587,-0.0778639689040241,0.00856304494733999,-0.0191514639577862,-6.74527534651531,2.42619824409485,1.15540063381195,0.910707354545593,-0.0159046727574497,0.0436491701861546,1.31149150730469,0.17483234405666,-0.21388729413532,0.00379184881849329,-0.15349637090615,0.0322723306982319,-0.318187830983129,0,0,0,-0.272409494825051,11793.84,13.8643624
-0.0172967881358175,-0.0619267874736191,0.934484541416168,0.0188352223485708,0.0121058048680425,3.12455197970072,0.10440531691,-0.0703448260895587,-0.0237906351637897,0.00599413146313799,-0.0134060247704504,-4.72169274256072,2.43777227401733,1.14239394664764,0.908414721488953,0.0232592930217407,0.011397217004509,1.27255071049976,0.165343284607621,-0.185809816633725,-0.032751900809288,0.559485225419333,-0.460742188311138,-0.556297097215646,0,0,0,-0.294221081019011,11793.91,13.9310444
-0.0138166109054841,-0.0642716150099377,0.934484541416168,0.0188352223485708,0.0121058048680425,3.12455197970072,0.10440531691,-0.0703448260895587,-0.0237906351637897,0.00419589202419659,-0.00938421733931525,-3.3051849197925,2.44888019561768,1.13056743144989,0.909396767616272,0.0338822167654252,0.00694248585140881,1.25871592392176,0.185132026673935,-0.197108586630905,0.0163674354554612,0.177048729062911,-0.0742455192189671,-0.230579776301949,0,0,0,-0.314954372644466,11793.97,13.997726
-0.00998608028457643,-0.0645557843422961,0.930592477321625,0.017012195661664,0.0119111947715282,-3.10539171695182,0.114915918627231,-0.00852507997075206,0.00756944546269632,0.019344364599099,-0.00481746126889265,53.7558638260182,2.46421647071838,1.1159188747406,0.912396788597107,0.0317248357171115,0.0199398424212053,1.23654561726002,0.219089644291046,-0.209265095842426,0.0428574425824211,-0.0308197292609524,0.185676522421611,-0.316718666589322,0,0,0,-0.334473472187223,11794.04,14.0644571
-0.00615554966366873,-0.0648399536746545,0.930592477321625,0.017012195661664,0.0119111947715282,-3.10539171695182,0.114915918627231,-0.00852507997075206,-0.0274591313881948,0.0135410552193693,-0.00337222288822486,37.6291046782127,2.47996807098389,1.10347676277161,0.917723298072815,0.0193046874618749,0.0215919583602466,1.20493459865846,0.225022860936692,-0.177744456700655,0.0760929925104308,-0.17743068936126,0.0236016562721161,-0.451585980024171,0,0,0,-0.352548963472395,11794.11,14.1311932
-0.00232501904276103,-0.0651241230070129,0.930592477321625,0.017012195661664,0.0119111947715282,-3.10539171695182,0.114915918627231,-0.00852507997075206,-0.0274591313881948,0.00947873865355848,-0.0023605560217574,26.3403732747489,2.4931309223175,1.08964884281158,0.91925311088562,0.0214518503238871,0.0135160313054286,1.18861035153706,0.219380855562165,-0.230465332668989,0.025496880213636,0.0357860477005074,-0.134598784248108,-0.272070785358958,0,0,0,-0.368899216695922,11794.17,14.197922
0.00150551157814667,-0.0654082923393713,0.930592477321625,0.017012195661664,0.0119111947715282,-3.10539171695182,0.114915918627231,-0.00852507997075206,-0.0274591313881948,0.00663511705749094,-0.00165238921523018,18.4382612923242,2.50824642181396,1.07342171669006,0.922315299510956,0.0292201526934337,0.00454414316598954,1.1573254781675,0.215935707093183,-0.231816087451264,0.0437455517906918,0.110975748136841,-0.128169830563948,-0.446926762424098,0,0,0,-0.383195911002607,11794.24,14.2646728
0.00712995777827194,-0.0641843829459524,0.934045493602753,0.0152205852791667,0.0126405395567417,-3.02835032939384,0.168733386003758,0.0367172818025661,-0.0603153990027964,0.0207690753827195,-0.00772077551758236,12.2134104166051,2.52792000770569,1.05896317958832,0.933366596698761,-0.0470402864892387,0.0338180968720279,1.15981213671311,0.281051227025792,-0.206550530025796,0.157875674112159,-1.08943484547128,0.41819933865943,0.0355236935088846,0,0,0,-0.395051076321724,11794.31,14.3314002
0.0127544039783972,-0.0629604735525335,0.934045493602753,0.0152205852791667,0.0126405395567417,-3.02835032939384,0.168733386003758,0.0367172818025661,-0.0292382524726451,0.0145383527679036,-0.00540454286230765,8.54938729162358,2.54175996780396,1.04546904563904,0.931343078613281,0.0410965312441273,-0.00869679272853856,1.08558023588564,0.197713715685207,-0.192773342128361,-0.0289074012205081,1.25909739616346,-0.607355565709121,-1.06045572608367,0,0,0,-0.40406257736202,11794.38,14.398093
0.0191912558521106,-0.0630600814074009,0.953020691871643,0.0152205852791667,0.0126405395567417,-3.02835032939384,0.193105556211401,-0.00298823564601902,-0.210716126299725,0.0101768469375325,-0.00378318000361536,5.9845711041365,2.55428886413574,1.02716195583344,0.930753111839294,0.0318492596033229,-0.00685856604475837,1.07286672096568,0.208814938864891,-0.305118163429307,-0.00983277956653041,-0.154121194014714,0.0306371113965967,-0.211891915334413,0,0,0,-0.409833280731131,11794.44,14.4648237
0.0256065439608595,-0.0625152421176575,0.953020691871643,0.0144073236733675,0.0131489625200629,-2.92841980456779,0.192458643262466,0.0163451786923019,-0.0398852691821553,0.0144431473084656,-0.00722403267242163,3.2898250494611,2.56826138496399,1.0112384557724,0.9322190284729,0.0469223557662281,-0.00819477418769801,1.00558047138585,0.199607440404359,-0.227478572301448,0.0209416661944579,0.215329945185254,-0.01908868775636,-0.96123213685875,0,0,0,-0.411972282778747,11794.51,14.5315398
0.0320218320696083,-0.0619704028279141,0.953020691871643,0.0144073236733675,0.0131489625200629,-2.92841980456779,0.192458643262466,0.0163451786923019,-0.0398852691821553,0.0101102031159259,-0.00505682287069514,2.30287753462277,2.58151960372925,0.9972083568573,0.934571266174316,0.0405803924844539,-0.0109186529843532,0.960057574219032,0.220970312756189,-0.23383498192032,0.0392039616905997,-0.105699388030467,-0.0453979799446389,-0.758714952786698,0,0,0,-0.410146917013277,11794.57,14.5982278
0.0383980973037678,-0.0623376595477061,0.953020691871643,0.0144073236733675,0.0131489625200629,-2.92841980456779,0.191287957024786,-0.0110177015937624,-0.0237293048088302,0.00707714218114812,-0.0035397760094866,1.61201427423594,2.59674882888794,0.979695856571198,0.937424063682556,0.0440575957690911,0.00958597571361367,0.92085973850579,0.217560359410782,-0.250178575516787,0.0407542501178801,0.049674332637881,0.292923267115031,-0.559969081620082,0,0,0,-0.404095878800834,11794.64,14.6649366
0.0447762063403685,-0.0619442366589439,0.957623839378357,0.0139723382890224,0.0164176225662231,-2.80951378344963,0.191343271098019,0.011802686662866,-0.0647506648008361,0.00886886798590918,-0.0318957836220826,0.0582558019016812,2.61341285705566,0.960610866546631,0.942299604415894,0.00855251867766959,0.0146723065676074,0.903537126914356,0.238057545248012,-0.272642714630715,0.0696505819032997,-0.507215387009236,0.0726618693411812,-0.247465879872227,0,0,0,-0.393648076279738,11794.71,14.7316988
0.0511543153769691,-0.0615508137701817,0.957623839378357,0.0139723382890224,0.0164176225662231,-2.80951378344963,0.191343271098019,0.011802686662866,-0.0233223372404113,0.00620820759013642,-0.0223270485354578,0.0407790613311769,2.62789249420166,0.942223310470581,0.945736706256866,0.00695177912791414,0.00240578467022025,0.858724537165406,0.206851959229376,-0.262679372516089,0.0491014548712456,-0.0228677078537443,-0.175236027106259,-0.640179853559088,0,0,0,-0.378761883352337,11794.78,14.7984794
0.0574343800892639,-0.060345141740015,0.955167233943939,0.0176305454224348,0.0196778811514378,-2.6809215307183,0.188401941368843,0.0361701609050031,-0.000659850696395722,-0.0285781188876158,-0.044971261241752,-1.12878493165009,2.64012861251831,0.925466477870941,0.948630630970001,0.0148665550071693,0.0167084422714225,0.820665237092764,0.203935305279238,-0.279280543329702,0.0482320785526555,0.131912931322039,0.238377626688727,-0.63432166788275,0,0,0,-0.35955185684676,11794.84,14.8652136
0.0637144448015586,-0.0591394697098482,0.955167233943939,0.0176305454224348,0.0196778811514378,-2.6809215307183,0.188401941368843,0.0361701609050031,-0.0227692996061552,-0.020004683221331,-0.0314798828692264,-0.79014945215506,2.65354371070862,0.905007064342499,0.952139973640442,0.0100589960259592,0.0223553617197109,0.769607410258465,0.191644259862334,-0.292277336121821,0.0501334667207895,-0.0686794140175729,0.0806702778330268,-0.729397526207303,0,0,0,-0.336258721647857,11794.91,14.9319339
0.0699945095138534,-0.0579337976796814,0.955167233943939,0.0176305454224348,0.0196778811514378,-2.6809215307183,0.188401941368843,0.0361701609050031,-0.0227692996061552,-0.0140032782549317,-0.0220359180084585,-0.553104616508542,2.66574811935425,0.884022653102875,0.952666103839874,0.0155827920197175,0.00324222623319626,0.723926760918603,0.203406810762225,-0.349740187330036,0.00876883665728065,0.0920632665634211,-0.318552258111281,-0.761344155670826,0,0,0,-0.309278226597801,11794.97,14.9986406
0.0747545865200884,-0.0545996512814426,0.972476541996002,0.0188882648944855,0.0211711525917053,-2.55105373858879,0.14280231018705,0.100024391947164,-0.191655835041504,-0.0211217700269082,-0.028864585568329,-1.55598336072163,2.67594194412231,0.86820912361145,0.954321205615997,0.0241313217832607,0.00410850350532677,0.671911780218781,0.145626068112056,-0.225907564158277,0.023644311086956,0.122121853762236,0.0123753896015943,-0.743071152838387,0,0,0,-0.279118171921503,11795.04,15.0654001
0.0795146635263234,-0.0512655048832038,0.972476541996002,0.0188882648944855,0.0211711525917053,-2.55105373858879,0.14280231018705,0.100024391947164,-0.035872062572937,-0.0147852390188357,-0.0202052098978303,-1.08918835250514,2.68871665000916,0.84664124250412,0.956269025802612,0.0288947412217338,0.00613432375689837,0.623033766406458,0.182495798384199,-0.308112587248857,0.0278260026660441,0.0680488491213277,0.028940289308286,-0.698257340178935,0,0,0,-0.246470284893805,11795.11,15.1321545
0.0842747405325584,-0.047931358484965,0.972476541996002,0.0188882648944855,0.0211711525917053,-2.55105373858879,0.14280231018705,0.100024391947164,-0.035872062572937,-0.010349667313185,-0.0141436469284812,-0.762431846753598,2.69960713386536,0.82359504699707,0.959167540073395,0.0184758850604039,0.0252163287041274,0.602144736301481,0.155578340803521,-0.329231364387791,0.041407346725636,-0.148840802305332,0.272600070675834,-0.298414715786636,0,0,0,-0.212138087840636,11795.18,15.1988575
0.088376316350373,-0.0434029771301548,0.972476541996002,0.0188882648944855,0.0211711525917053,-2.55105373858879,0.123047274534437,0.135851440644307,-0.0262047883439892,-0.00724476711922951,-0.00990055284993685,-0.533702292727519,2.7093141078949,0.804824590682983,0.958944976329803,0.00980010282461106,-0.0196172820394861,0.5488151750067,0.161782900493724,-0.312840938570771,-0.0037093957265533,-0.144596370597774,-0.747226845733236,-0.888826021587229,0,0,0,-0.176962746505362,11795.24,15.2655474
0.0918690583801454,-0.0383923856936484,0.979531109333038,0.0179308168590069,0.0193236451596022,-2.42413113116691,0.104782260893173,0.150317743095192,-0.0898961385130324,0.00354569533584667,0.00969717989397262,-1.51589507170614,2.71793413162231,0.786560952663422,0.960318446159363,0.00557106741778565,-0.00715890083322549,0.519983514351733,0.123143196106469,-0.260909114566253,0.0196209975652148,-0.0604147915263285,0.177976874375892,-0.411880866501241,0,0,0,-0.141841258095927,11795.31,15.3322413
0.0953618004099178,-0.033381794257142,0.979531109333038,0.0179308168590069,0.0193236451596022,-2.42413113116691,0.104782260893173,0.150317743095192,-0.0264050324797072,0.00248198673509267,0.00678802592578084,-1.0611265501943,2.72640156745911,0.765319287776947,0.960860788822174,0.0017965456490407,-0.00775412051017477,0.48892010833158,0.120963369094388,-0.303452355514442,0.0077477523257063,-0.0539217395523224,-0.00850313824194702,-0.443762943135353,0,0,0,-0.10769930987001,11795.38,15.3989192
0.097160732043783,-0.028264599920412,0.971334040164948,0.0209921840578318,0.0161410495638847,-2.31856951713035,0.0539679490159551,0.153515830101899,0.064406466029845,-0.0258149140748591,0.0333949785095035,-1.69284311146505,2.73448395729065,0.747351288795471,0.962158858776093,0.0304614283483853,-0.00812973510033988,0.456637617936046,0.134706497193526,-0.299466649693806,0.0216344992321579,0.477748044993132,-0.0062602431694716,-0.538041506596794,0,0,0,-0.075400408504744,11795.44,15.4656236
0.0989596636776482,-0.0231474055836821,0.971334040164948,0.0209921840578318,0.0161410495638847,-2.31856951713035,0.0539679490159551,0.153515830101899,-0.00936715648297239,-0.0180704398524014,0.0233764849566524,-1.18499017802553,2.74230718612671,0.727700769901276,0.965453147888184,0.0149996084764906,-0.0141932088964353,0.433713555954743,0.111760411944173,-0.280721698489675,0.047061273030068,-0.220883141027986,-0.0866210542302953,-0.327486599734272,0,0,0,-0.0457745701967563,11795.51,15.5323226
0.100758595311513,-0.0180302112469521,0.971334040164948,0.0209921840578318,0.0161410495638847,-2.31856951713035,0.0539679490159551,0.153515830101899,-0.00936715648297239,-0.0126493078966809,0.0163635394696567,-0.829493124617874,2.74944043159485,0.704962015151978,0.96793532371521,0.0171355499764048,-0.00428335989473699,0.411243177877747,0.101903506688133,-0.324839353562752,0.0354596546719527,0.0305134499989015,0.141569271453422,-0.321005401101268,0,0,0,-0.0195306442142247,11795.58,15.5989986
0.103192178063482,-0.0103213769519152,0.970154881477356,0.0209921840578318,0.0161410495638847,-2.31856951713035,0.073007482559055,0.231265028851107,-0.00137291893058502,-0.00885451552767666,0.0114544776287597,-0.580645187232511,2.75740265846252,0.686125993728638,0.97154688835144,-0.00144747186436897,-0.0205072973827211,0.398818822118041,0.132703781129056,-0.313933690391662,0.0601927439376854,-0.309717030682192,-0.270398958135364,-0.207072595996864,0,0,0,0.00279172635048379,11795.64,15.6656954
0.105026330579129,-0.00244931870011367,0.970154881477356,0.0222164262086153,0.0149379465728998,-2.24163339137504,0.0550245754694119,0.236161747554046,-0.0122588260765643,-0.0172163402264255,0.018846061258996,-1.09887676286055,2.76236701011658,0.668258726596832,0.972470164299011,0.00245931156783508,-0.000882136334930211,0.38706568570283,0.0709193093420625,-0.255246673305934,0.0131896563935807,0.0558111918874111,0.280359443533751,-0.167901948785063,0,0,0,0.0208004444048459,11795.71,15.7323851
0.106860483094776,0.00542273955168786,0.970154881477356,0.0222164262086153,0.0149379465728998,-2.24163339137504,0.0550245754694119,0.236161747554046,-0.0122588260765643,-0.0120514381584979,0.0131922428812972,-0.769213734002384,2.7684280872345,0.647688210010529,0.974964022636414,0.0255817611996366,0.000294595389379069,0.371472604280096,0.0865868159706446,-0.293864522662703,0.0356265476773245,0.330320709027109,0.0168104532044882,-0.222758306039988,0,0,0,0.0343206123315356,11795.78,15.7991127
0.108347784476188,0.0133669847522938,0.978046059608459,0.0166563559323549,0.0111046805977821,-2.19835445880363,0.0446190414423582,0.238327356018178,-0.0834636597280611,0.0416046257753949,0.0437339637929672,-0.927960006944369,2.772216796875,0.632102191448212,0.976740539073944,0.0146763267194538,-0.0114540239229502,0.36795651147136,0.0631451606755848,-0.25976697604082,0.0296086072924266,-0.181757241337923,-0.195810321873816,-0.0586015468127538,0,0,0,0.0433682933571621,11795.84,15.8658433
0.1098350858576,0.0213112299528998,0.978046059608459,0.0166563559323549,0.0111046805977821,-2.19835445880363,0.0446190414423582,0.238327356018178,-0.0124430565481294,0.0291232380427764,0.030613774655077,-0.649572004861058,2.77888965606689,0.614183008670807,0.97933554649353,0.00645257549973685,-0.00426925724797269,0.370979732363631,0.0953265598846039,-0.255988325392561,0.037071534565671,-0.117482160282159,0.102639523928677,0.0431888698897609,0,0,0,0.0481836554338118,11795.91,15.9325386
0.111322387239012,0.0292554751535057,0.978046059608459,0.0166563559323549,0.0111046805977821,-2.19835445880363,0.0446190414423582,0.238327356018178,-0.0124430565481294,0.0203862666299435,0.0214296422585539,-0.454700403402741,2.78256297111511,0.596422255039215,0.981136560440063,0.0179997909874996,-0.00517179661757567,0.358055473647102,0.0524759292604721,-0.253725051880938,0.025728770664867,0.164960221254439,-0.0128934195658105,-0.184632267379755,0,0,0,0.0492224551610601,11795.98,15.999259
0.113111002706759,0.0349437908641401,0.975490987300873,0.0235097240656614,0.00941721070557833,-2.18358526229331,0.0536584640324222,0.170649471319033,0.0120913229242502,-0.0474099265587981,0.030187978610822,-0.451213050974753,2.78735780715942,0.576829433441162,0.984714090824127,-0.00137942786889556,0.0030909078493847,0.371447348341422,0.0684976577743838,-0.279897451394647,0.0511075769140804,-0.276845983656745,0.118038635239714,0.191312495628966,0,0,0,0.047126263486075,11796.05,16.0659344
0.114899618174507,0.0406321065747746,0.975490987300873,0.0235097240656614,0.00941721070557833,-2.18358526229331,0.0536584640324222,0.170649471319033,-0.0109043278440298,-0.0331869485911587,0.0211315850275754,-0.315849135682327,2.79036521911621,0.56096214056015,0.985058963298798,0.0130670557692589,-0.0100509574015076,0.362385974971916,0.050123532613544,-0.264454881352444,0.00574787457788896,0.240774727304619,-0.219031087516731,-0.151022889493037,0,0,0,0.042700973619267,11796.11,16.1326206
0.116688233642254,0.046320422285409,0.975490987300873,0.0235097240656614,0.00941721070557833,-2.18358526229331,0.0536584640324222,0.170649471319033,-0.0109043278440298,-0.0232308640138111,0.0147921095193028,-0.221094394977629,2.79461145401001,0.544734358787537,0.986438274383545,0.0111951149322491,-0.00684242951224321,0.36901208044107,0.0606604984830926,-0.231825453895443,0.0197044440679007,-0.0267420119573953,0.0458361127039679,0.0946586495597291,0,0,0,0.0368817543418132,11796.18,16.1992983
0.115761389721808,0.0505248130792835,0.975490987300873,0.0235097240656614,0.00941721070557833,-2.18358526229331,-0.0278053176133724,0.126131723816235,-0.0182064206892846,-0.0162616048096677,0.010354476663512,-0.15476607648434,2.80005526542664,0.526038408279419,0.988145411014557,0.000965467080203294,0.00798773277748433,0.388765593983293,0.0777687345235516,-0.267085007259934,0.0243876661574152,-0.146137826458404,0.211859461282703,0.282193050604363,0,0,0,0.0306904650327993,11796.25,16.2659567
0.114860747626953,0.054735936086941,0.99537581205368,0.0208293497562408,0.00823227968066931,-2.1904259681649,-0.0270192628456659,0.126333690229725,-0.197063298265304,0.0127402454180179,0.0179125128886395,-0.0467699006947999,2.80245661735535,0.512153148651123,0.98529326915741,0.00469578254245263,-0.0100967754649569,0.370915205873929,0.040022532145522,-0.231420993806896,-0.0475356976195238,0.06217192437135,-0.301408470709912,-0.297506468491927,0,0,0,0.025181760734545,11796.31,16.3326494
0.113960105532097,0.0589470590945985,0.99537581205368,0.0208293497562408,0.00823227968066931,-2.1904259681649,-0.0270192628456659,0.126333690229725,-0.0180998754900355,0.0089181717926125,0.0125387590220477,-0.0327389304863599,2.80642008781433,0.493774324655533,0.986000597476959,0.00121687893921356,0.000120634323114578,0.384999721202073,0.0566210065556837,-0.262554628502701,0.0101046902790589,-0.0496986229023305,0.145962996969263,0.201207361826239,0,0,0,0.0214064407357447,11796.38,16.3993702
0.115155942188364,0.0624569281579089,1.01226282119751,0.0234529338777065,0.00884090177714825,-2.20461890696952,0.0358750996879905,0.105296071899313,-0.162079434337187,-0.0173695368383624,0.00329953244712292,0.104819197901186,2.80939507484436,0.480016946792603,0.983542740345001,0.0116849176278901,0.00243994582528989,0.387712110617914,0.0495831171675758,-0.229289631050785,-0.0409642855329812,0.174467311479423,0.03865519170325,0.0452064902643913,0,0,0,0.0203539395903828,11796.44,16.4660755
0.11635177884463,0.0659667972212194,1.01226282119751,0.0234529338777065,0.00884090177714825,-2.20461890696952,0.0358750996879905,0.105296071899313,-0.0100963520427231,-0.0121586757868537,0.00230967271298605,0.0733734385308304,2.81225872039795,0.463526576757431,0.980446517467499,0.0153199501963437,-0.00756594636969852,0.384509601033207,0.0409092221942968,-0.235576714789144,-0.0442317553930759,0.0519290366924113,-0.142941317071857,-0.0457501369245747,0,0,0,0.0228986122118032,11796.51,16.5328039
0.117547615500896,0.0694766662845298,1.01226282119751,0.0234529338777065,0.00884090177714825,-2.20461890696952,0.0358750996879905,0.105296071899313,-0.0100963520427231,-0.00851107305079758,0.00161677089909023,0.0513614069715813,2.81672215461731,0.446665942668915,0.978120982646942,-0.00583209172274938,-0.00638932130836803,0.390928689563661,0.0637633459911273,-0.240866201265519,-0.0332219260080901,-0.302172027416872,0.0168089294476484,0.0917012647211492,0,0,0,0.0297582538177924,11796.58,16.5995324
0.118080569795424,0.0737972410823824,1.01798105239868,0.0234529338777065,0.00884090177714825,-2.20461890696952,0.0159886288358389,0.129617243935576,-0.0516707551317136,-0.0059577511355583,0.00113173962936316,0.0359529848801069,2.81999063491821,0.429395586252213,0.973320484161377,0.0118898187040963,-0.000957816179438685,0.386677512774325,0.0466925757273844,-0.246719377382487,-0.0685785497940735,0.25317014895599,0.0775929304135989,-0.060731096990755,0,0,0,0.0414421394549327,11796.65,16.6662097
0.118669781424475,0.0781104911935828,1.01798105239868,0.0230879485607147,0.00744032254442573,-2.2176567077584,0.0176763488715347,0.129397503336012,-0.000302032335961145,-0.000885557941964557,0.0133974308350569,0.142507296515989,2.82346200942993,0.415747970342636,0.971331894397736,-0.000620981597984724,-0.00283456665742034,0.399481557218958,0.0578562418607163,-0.227460265154642,-0.0331431627266325,-0.208513338363465,-0.0312791746323447,0.213400740739222,0,0,0,0.0582412022955267,11796.71,16.732869
0.119258993053527,0.0824237413047831,1.01798105239868,0.0230879485607147,0.00744032254442573,-2.2176567077584,0.0176763488715347,0.129397503336012,-0.000302032335961145,-0.00061989055937519,0.00937820158453983,0.0997551075611925,2.82629060745239,0.400158077478409,0.966772079467773,0.00573449055199654,-0.00758268033331744,0.394753168509208,0.0404085431781814,-0.222712755204173,-0.0651402132854445,0.0907924592858241,-0.0678301953702406,-0.0675484101395706,0,0,0,0.0802372213840286,11796.78,16.7996182
0.119882651900459,0.0867321492933756,1.01226544380188,0.0219030901789665,0.00709000648930669,-2.22565982341239,0.0187097654079796,0.129252239657772,0.0511634937106771,0.0102298020441712,0.00971758560524922,0.14185661617876,2.82920050621033,0.385981917381287,0.962947070598602,-0.00326290100991018,-0.0095167412725774,0.398296981847102,0.0484983126326545,-0.236269334954042,-0.0637501478200602,-0.149956526033052,-0.0322343489879396,0.0590635556320754,0,0,0,0.107170462400335,11796.84,16.8662974
0.120506310747392,0.091040557281968,1.01226544380188,0.0219030901789665,0.00709000648930669,-2.22565982341239,0.0187097654079796,0.129252239657772,-0.000276983660538718,0.00716086143091981,0.00680230992367445,0.099299631325132,2.8342490196228,0.369330823421478,0.960268199443817,-0.00161440800630277,0.00406641634185281,0.404870583799143,0.0721216201785225,-0.237872770855394,-0.0382695879256613,0.0235499000516323,0.194045108778381,0.0939085993152561,0,0,0,0.138609568757658,11796.91,16.9329969
0.121129969594324,0.0953489652705604,1.01226544380188,0.0219030901789665,0.00709000648930669,-2.22565982341239,0.0187097654079796,0.129252239657772,-0.000276983660538718,0.00501260300164387,0.00476161694657212,0.0695097419275924,2.83712482452393,0.352751642465591,0.956776022911072,0.00420644076821347,0.00893943988581133,0.413291486989441,0.0410829271590715,-0.23684544222794,-0.049888236182284,0.083154982493435,0.0696146220568398,0.120298617004757,0,0,0,0.173853790244226,11796.98,16.9997098
0.121648745414257,0.097934584224761,0.998175382614136,0.0225387159734964,0.00949227903038263,-2.23558864592979,0.015563274597981,0.0775685686260199,0.140452518843635,-0.00221181004961853,-0.018287321007083,0.13801622200587,2.84037709236145,0.337153375148773,0.954380214214325,0.0029501352814848,-0.001697654088998,0.418660019198769,0.0464609691064775,-0.222832390235397,-0.0342258385242076,-0.0179472212385893,-0.151958485351102,0.0766933172744423,0,0,0,0.211962659428751,11797.05,17.0663876
0.12216752123419,0.100520203178962,0.998175382614136,0.0225387159734964,0.00949227903038263,-2.23558864592979,0.015563274597981,0.0775685686260199,0.0136419681539382,-0.00154826703473297,-0.0128011247049581,0.0966113554041089,2.84177327156067,0.324498236179352,0.95103508234024,0.0204423661117342,-0.00528871017353254,0.420303104694541,0.02326965332051,-0.21091898282548,-0.0557521979018811,0.291537180506631,-0.0598509347427504,0.0273847582631051,0,0,0,0.251888191844197,11797.11,17.1331044
0.122686297054123,0.103105822133162,0.998175382614136,0.0225387159734964,0.00949227903038263,-2.23558864592979,0.015563274597981,0.0775685686260199,0.0136419681539382,-0.00108378692431308,-0.00896078729347068,0.0676279487828762,2.84518432617188,0.308528214693069,0.949978053569794,-0.00219897199733754,0.00217613368373093,0.441258100799675,0.0487293515888605,-0.228143164090696,-0.0151004110064453,-0.323447687273798,0.106640626532779,0.299357087217445,0,0,0,0.292409882401839,11797.18,17.1998624
0.123205072874055,0.105691441087363,0.998175382614136,0.0225387159734964,0.00949227903038263,-2.23558864592979,0.015563274597981,0.0775685686260199,0.0136419681539382,-0.000758650847019154,-0.00627255110542948,0.0473395641480134,2.84730172157288,0.293439865112305,0.948353469371796,-0.000668086412133231,0.00354043154482679,0.459504440053753,0.0302485057287111,-0.215547851154679,-0.0232083456857829,0.0218697940744383,0.0194899694443076,0.260661989345045,0,0,0,0.332171319463262,11797.25,17.2665795
0.124162347196697,0.110576014396077,0.994456112384796,0.0243358090519905,0.00891575124114752,-2.26031002997825,0.0287182296792405,0.146537199261414,0.0355235982024741,-0.0167048932993601,0.000797964329315403,0.255630151339767,2.84948229789734,0.28044119477272,0.947205901145935,-0.000450470863584414,0.00856585787292206,0.478678563459391,0.0363429387413567,-0.216644505661578,-0.019126137097839,0.00362692580917773,0.0837571054689655,0.319568723430021,0,0,0,0.369830622112007,11797.31,17.3332346
0.125119621519338,0.115460587704791,0.994456112384796,0.0243358090519905,0.00891575124114752,-2.26031002997825,0.0287182296792405,0.146537199261414,0.00205016613841767,-0.011693425309552,0.000558575030520782,0.178941105937837,2.8515202999115,0.265090763568878,0.944626450538635,-0.0119024626837996,0.00309467714678998,0.50134348875905,0.0291143144873667,-0.219291874335816,-0.0368492943891929,-0.16359988314236,-0.0781597246573237,0.32378464713091,0,0,0,0.404176684592669,11797.38,17.3999961
0.126629650448952,0.119581447327934,0.979087054729462,0.0243358090519905,0.00891575124114752,-2.26031002997825,0.0453008678884249,0.12362578869431,0.139372529135447,-0.00818539771668643,0.000391002521364547,0.125258774156486,2.85415601730347,0.250493884086609,0.945273697376251,0.010723336381598,0.0202872322304433,0.528062817073423,0.0376531055996962,-0.208526849747571,0.00924638339455226,0.323225700935595,0.245607929767497,0.38170469020692,0,0,0,0.433900649877883,11797.45,17.4666947
0.128373159872929,0.123609189768258,0.979087054729462,0.0211688075214624,0.00550049403682351,-2.31757137774894,0.0523052827193209,0.120832273209713,0.000850937468641121,0.0227732353730721,0.0310110166038713,0.603033271845758,2.85618543624878,0.238814279437065,0.944346010684967,0.000482719644027371,0.0086568667277931,0.556567827609154,0.0338236490888288,-0.194660077494048,-0.0154614448548676,-0.170676945627626,-0.193839425045815,0.475083508932886,0,0,0,0.457953259290584,11797.51,17.5333864
0.130116669296907,0.127636932208582,0.979087054729462,0.0211688075214624,0.00550049403682351,-2.31757137774894,0.0523052827193209,0.120832273209713,0.000850937468641121,0.0159412647611505,0.0217077116227099,0.422123290292031,2.85851311683655,0.225041046738625,0.942666053771973,0.00336676519832472,0.0101619961301972,0.591819866931619,0.0332525798254033,-0.196760467121397,-0.0239993844714481,0.0412006507758477,0.0215018486058623,0.503600561751588,0,0,0,0.475445734943601,11797.58,17.6001099
0.132339001597297,0.131352909477618,0.979087054729462,0.0211688075214624,0.00550049403682351,-2.31757137774894,0.0666699690117036,0.111479318071097,0.00289814468240334,0.0111588853328053,0.0151953981358969,0.295486303204422,2.86092019081116,0.214561283588409,0.93962699174881,0.000641318187332507,-0.00804038329092752,0.615054446790262,0.0401178995771635,-0.174662719171735,-0.0506510337198107,-0.0454241168502558,-0.303372990354654,0.38724299764735,0,0,0,0.485686400721975,11797.64,17.6668456
0.134913249355622,0.13483445886959,0.978469848632812,0.0194927435368299,0.00455187493935227,-2.41521964072654,0.0772274327497655,0.104446481759162,0.00840003550905438,0.0228957955946562,0.019174350572369,1.0856747790415,2.86329293251038,0.200774550437927,0.940119087696075,-0.0130411552623267,-0.0155775243960871,0.671527665000349,0.0338963099880994,-0.196953330716875,0.00702994210364119,-0.195463906419436,-0.107673444357073,0.806760260126479,0,0,0,0.488239205982044,11797.71,17.7335828
0.137487497113948,0.138316008261563,0.978469848632812,0.0194927435368299,0.00455187493935227,-2.41521964072654,0.0772274327497655,0.104446481759162,0.00284518063921185,0.0160270569162593,0.0134220454006583,0.759972345329047,2.86429834365845,0.189028650522232,0.939862906932831,0.00645150107177175,-0.0151058428574034,0.709019064575607,0.0143630164010781,-0.167798570224915,-0.0036597251892242,0.278466519059706,0.00673830769551006,0.535591422505916,0,0,0,0.482932980307457,11797.78,17.8003459
0.140061744872274,0.141797557653535,0.975947678089142,0.0194927435368299,0.00455187493935227,-2.41521964072654,0.0772274327497655,0.104446481759162,0.0255447155322477,0.0112189398413815,0.0093954317804608,0.531980641730333,2.86745834350586,0.175492942333221,0.939820230007172,0.000169635871328061,-0.0186361603699741,0.762522523376392,0.0451428549632178,-0.193367259843813,-0.000609670366562245,-0.089740931435283,-0.0504331073226487,0.764335125728676,0,0,0,0.469857565353726,11797.85,17.8671506
0.14305795913429,0.144923198710349,0.975947678089142,0.0189786907285452,0.00530792726203799,-2.54279003142784,0.0898864278604821,0.0937692317044463,0.00292208785850048,0.0124797331635299,-0.000227668657848911,1.52051996552288,2.87118887901306,0.161304414272308,0.940876126289368,0.00947359952722312,-0.00789730532163363,0.802729381347039,0.0621755917872303,-0.236475467683892,0.0175982713700835,0.155066060932901,0.178980917473861,0.670114299516469,0,0,0,0.449385857549711,11797.91,17.9339414
0.146054173396306,0.148048839767164,0.975947678089142,0.0189786907285452,0.00530792726203799,-2.54279003142784,0.0898864278604821,0.0937692317044463,0.00292208785850048,0.00873581321447093,-0.000159368060494238,1.06436397586602,2.87255048751831,0.149482697248459,0.940276026725769,0.0197051812230002,-0.0114399616265419,0.856223254483435,0.0194515500750669,-0.168881671769981,-0.00857285090858754,0.146165452797424,-0.0506093757846137,0.764198187665979,0,0,0,0.422152302344629,11797.98,18.0006793
0.148099868153024,0.148691829540294,0.97001451253891,0.0189786907285452,0.00530792726203799,-2.54279003142784,0.0613708427015525,0.0192896931938789,0.0530098930502012,0.00611506925012965,-0.000111557642345966,0.745054783106211,2.87566661834717,0.136210158467293,0.941631436347961,0.0172151314301619,0.0120194029121685,0.922604747392806,0.0445161546969915,-0.189607696869662,0.0193629946023257,-0.0355721398969147,0.335133779117118,0.948307041541748,0,0,0,0.388948782915086,11798.05,18.0674573
0.150218407718784,0.149023830329334,0.97001451253891,0.0213812477886677,0.00652038538828492,-2.69184932708213,0.0635561869728055,0.00996002367121948,-0.00030496392929453,-0.0173424650660117,-0.0109902134858645,1.86307200906302,2.87721395492554,0.125054389238358,0.940047383308411,0.0191815810424172,-0.00231955077100278,0.965163261803127,0.0257889429730379,-0.185929487150499,-0.0264008839927371,0.0327741602045343,-0.238982561388216,0.709308573511371,0,0,0,0.350856204038407,11798.11,18.134136
0.152336947284544,0.149355831118375,0.97001451253891,0.0213812477886677,0.00652038538828492,-2.69184932708213,0.0635561869728055,0.00996002367121948,-0.00030496392929453,-0.0121397255462082,-0.00769314944010518,1.30415040634411,2.88041281700134,0.111163020133972,0.940567970275879,0.015448922496014,0.0165394816536551,1.01973860539456,0.0456980296545566,-0.198448130063473,0.00743695667814894,-0.0533236935202675,0.269414748924804,0.779647765595177,0,0,0,0.308928685959632,11798.18,18.2008695
0.154455486850305,0.149687831907416,0.97001451253891,0.0213812477886677,0.00652038538828492,-2.69184932708213,0.0635561869728055,0.00996002367121948,-0.00030496392929453,-0.00849780788234571,-0.00538520460807362,0.912905284440879,2.88158321380615,0.0992240309715271,0.937755823135376,0.0303483352985172,-0.00487772299746766,1.06203658771944,0.0167199543544919,-0.170556988035639,-0.0401735305787803,0.212848754322359,-0.305960066445883,0.604256890357962,0,0,0,0.264451280036079,11798.25,18.2675523
0.157117284032705,0.150405270171475,0.968251287937164,0.0189738105982542,0.0100303990766406,-2.84052762984703,0.079853915472011,0.0215231479217952,0.0119531806974974,0.0157184691960793,-0.0353597664208527,1.97713842399265,2.88383817672729,0.0868082940578461,0.937224388122559,0.0195966207200413,-0.0155699485531301,1.10817566058963,0.0375827153526953,-0.206928948563107,-0.00885725021369823,-0.17919524297612,-0.178203759262554,0.768984547842939,0,0,0,0.218603641888272,11798.31,18.3342921
0.159779081215105,0.151122708435535,0.968251287937164,0.0189738105982542,0.0100303990766406,-2.84052762984703,0.079853915472011,0.0215231479217952,-0.00391584071821302,0.0110029284372555,-0.0247518364945969,1.38399689679485,2.89054417610168,0.0732684880495071,0.939174056053162,0.0430089645449714,0.0138417392727574,1.15336029623924,0.0957999910606182,-0.193425800114905,0.0278523990080067,0.334462054634558,0.420166968932079,0.645494794980398,0,0,0,0.17265458290719,11798.38,18.4010323
0.162361309752686,0.150896331429289,0.968251287937164,0.0189738105982542,0.0100303990766406,-2.84052762984703,0.0774668561274195,-0.00679131018738627,-0.0140067978428687,0.00770204990607885,-0.0173262855462178,0.968797827756398,2.89245533943176,0.0601474493741989,0.93881219625473,0.0232401612315879,-0.00357689133621774,1.1868798431313,0.0318527221682391,-0.21868397792366,-0.00603099664057447,-0.329480055225856,-0.29031051015205,0.558659114872349,0,0,0,0.12779792211877,11798.44,18.467724
0.16488493207728,0.15030960696453,0.96858412027359,0.0183273795992136,0.0083528021350503,-2.98151502608726,0.0757086697378134,-0.0176017339427612,-0.0171001092975194,0.0112093139256206,0.00296997259196031,1.94704504559159,2.89718627929688,0.0457400009036064,0.935474038124084,0.0410854955446125,-0.000577354365062136,1.25182274205415,0.0675848552161711,-0.205820692437891,-0.0476879732951376,0.254933347329983,0.0428505281595439,0.927755698901686,0,0,0,0.0850407564384246,11798.51,18.5344212
0.167408554401874,0.149722882499772,0.96858412027359,0.0183273795992136,0.0083528021350503,-2.98151502608726,0.0757086697378134,-0.0176017339427612,-0.0141046182696874,0.00784651974793444,0.00207898081437222,1.36293153191411,2.90041470527649,0.0303221940994263,0.937788426876068,0.00926875060504676,-0.00765811675200495,1.26935548922434,0.0461203711375383,-0.220254382917775,0.0330626964570466,-0.454524927709972,-0.101153748385318,0.250467816718121,0,0,0,0.0452481262010945,11798.58,18.6011709
0.169932176726467,0.149136158035013,0.96858412027359,0.0183273795992136,0.0083528021350503,-2.98151502608726,0.0757086697378134,-0.0176017339427612,-0.0141046182696874,0.00549256382355411,0.00145528657006055,0.954052072339878,2.90829253196716,0.0154667869210243,0.93975156545639,0.0149924532047824,0.00638908578780935,1.28988818532637,0.112540381295808,-0.212220102549482,0.0280448368618633,0.0817671799965637,0.200674321998181,0.293324230030131,0,0,0,0.00914304551328337,11798.65,18.667963
0.173549797443527,0.151436648460316,0.958151400089264,0.0201939344406128,0.0105125047266483,-3.08494184016654,0.108528621511801,0.0690147127591052,0.0859033060706814,-0.0129541988961049,-0.0184186227253399,1.59867777735148,2.91250586509705,0.00224300660192966,0.940451204776764,0.0157624883640358,-0.00661412603976034,1.31267596603528,0.0702222188298474,-0.220396338646767,0.0116606553393044,0.0128339193206097,-0.216720197121431,0.379796345140219,0,0,0,-0.0227645813371226,11798.71,18.7348085
0.177167418160587,0.15373713888562,0.958151400089264,0.0201939344406128,0.0105125047266483,-3.08494184016654,0.108528621511801,0.0690147127591052,-0.00799117558825413,-0.0090679392272734,-0.0128930359077379,1.11907444414603,2.9209144115448,-0.0124689359217882,0.941806256771088,0.00211700156238203,0.0165575838634546,1.33371674676938,0.12012209211127,-0.210170607482558,0.0193578856332766,-0.194935525738722,0.331024427190161,0.300582581916942,0,0,0,-0.0501034690181241,11798.78,18.8015283
0.180785038877647,0.156037629310923,0.958151400089264,0.0201939344406128,0.0105125047266483,-3.08494184016654,0.108528621511801,0.0690147127591052,-0.00799117558825413,-0.00634755745909138,-0.00902512513541656,0.783352110902223,2.92927932739258,-0.0284746140241623,0.94293212890625,0.00207174487712685,0.0174723807729023,1.34421517347877,0.119498797825901,-0.22865254432058,0.0160838876452433,-0.000646524075076686,0.0130685272778795,0.149977524420572,0,0,0,-0.0729648796417756,11798.85,18.8685934
0.184542265799891,0.158101732864067,0.969977080821991,0.0211382713168859,0.0102853337302804,3.13426729838053,0.112716807667292,0.0619231065942988,-0.114481633720633,-0.0129423221078224,-0.00427304862748021,-55.4245357692922,2.93658328056335,-0.0414832830429077,0.941907942295074,0.0207377979494196,-0.0137378502367218,1.35010360474613,0.121732552847306,-0.216811150314264,-0.0170697768530705,0.311100884540853,-0.520170516831485,0.0981405211234654,0,0,0,-0.0912589895107955,11798.91,18.9353985
0.188299492722134,0.16016583641721,0.969977080821991,0.0211382713168859,0.0102853337302804,3.13426729838053,0.112716807667292,0.0619231065942988,-0.00805050712608933,-0.00905962547547566,-0.00299113403923615,-38.7971750385045,2.94594407081604,-0.0571370124816895,0.941286861896515,0.0192335531631562,-0.00376364809958599,1.33772152067934,0.133725575038921,-0.22362470626924,-0.00887257712231647,-0.0214892112324229,0.142488601959676,-0.176886915240597,0,0,0,-0.105369676810482,11798.98,19.0020767
0.193390253365089,0.15908470245622,0.969977080821991,0.0211382713168859,0.0102853337302804,3.13426729838053,0.152722819288652,-0.0324340188297132,-0.0262843320947366,-0.00634173783283296,-0.0020937938274653,-27.1580225269532,2.95627093315125,-0.0715853869915009,0.942453622817993,0.0174040303371338,0.0204411897587551,1.35557214125554,0.172114372249661,-0.240806241824934,0.0194460153575467,-0.0304920470997073,0.403413964296878,0.297510342930249,0,0,0,-0.115807485568721,11799.04,19.0688161
0.198464079232666,0.157925007542561,0.985658884048462,0.0175671633332968,0.0113209113478661,3.11789646546046,0.152214776027308,-0.0347908474097616,-0.167387767580129,0.0277007553693195,-0.0107858542374966,-18.8632782725865,2.96943545341492,-0.0866885334253311,0.936478137969971,0.0477185613159198,-0.00145932053834569,1.39029252551509,0.188064575196094,-0.215759234769901,-0.0853640692578186,0.433064728270172,-0.312864432817026,0.496005489424199,0,0,0,-0.123145080991537,11799.11,19.1355533
0.203537905100243,0.156765312628902,0.985658884048462,0.0175671633332968,0.0113209113478661,3.11789646546046,0.152214776027308,-0.0347908474097616,-0.0262515385418907,0.0193905287585236,-0.00755009796624765,-13.2042947908106,2.9776463508606,-0.10424629598856,0.935495257377625,0.00325988237875609,0.0194992949526154,1.34548576535961,0.117298534938755,-0.250825179475737,-0.0140411513192897,-0.635123984819265,0.29940879272926,-0.640096573652449,0,0,0,-0.12805596644124,11799.18,19.2022945
0.208611730967819,0.155605617715243,0.985658884048462,0.0175671633332968,0.0113209113478661,3.11789646546046,0.152214776027308,-0.0347908474097616,-0.0262515385418907,0.0135733701309665,-0.00528506857637335,-9.2430063535674,2.99144530296326,-0.117742881178856,0.930095136165619,0.0522952442950719,-0.00849298413582042,1.37525398968779,0.229982535046304,-0.224943086506846,-0.0900020202008576,0.817256031945535,-0.466537984811223,0.496137072140501,0,0,0,-0.131257688579626,11799.24,19.2690247
0.214839111662523,0.153661000631574,0.990102231502533,0.0143365655094385,0.0131782721728086,3.13508388201396,0.186821420841117,-0.0583385125100833,-0.0428640343534102,0.0385767395064009,-0.0204157954279446,-6.62479119647866,2.99938607215881,-0.135070845484734,0.930601894855499,0.0152064385728378,0.00356654356297022,1.31468006585049,0.113439559936995,-0.247542347227853,0.00723940985546397,-0.529840081748405,0.172278967126297,-0.865341769107848,0,0,0,-0.133474012488727,11799.31,19.3357185
0.221066492357227,0.151716383547905,0.990102231502533,0.0143365655094385,0.0131782721728086,3.13508388201396,0.186821420841117,-0.0583385125100833,-0.0028739072667708,0.0270037176544807,-0.0142910567995613,-4.63735383753506,3.00935888290405,-0.151740491390228,0.926882863044739,0.021908462200713,-0.0126341731650169,1.30534220067114,0.14246872492888,-0.238137798644726,-0.0531290258668474,0.0957431946818415,-0.231438810394764,-0.133398073987753,0,0,0,-0.135398657371029,11799.38,19.4024436
0.225341681123681,0.149500046562492,0.990102231502533,0.0143365655094385,0.0131782721728086,3.13508388201396,0.128255662993613,-0.0664901095623777,0.00282968980945012,0.0189026023581365,-0.0100037397596929,-3.24614768627454,3.02071189880371,-0.169739782810211,0.924299478530884,0.0183587022423049,-0.0148066590083778,1.29703569464075,0.162185941424363,-0.257132734572253,-0.0369054930552246,-0.0507108565488983,-0.0310355120481419,-0.118664371863261,0,0,0,-0.137655335862973,11799.45,19.4691507
