-0.00344570229974054,0.00217574307066235,0.937145352363586,0.0248449854552746,0.0091140354052186,-1.70815608765817,-0.0516855344961082,0.0326361460599353,0.0149204011333795,-0.15652340836823,-0.0574184230528772,10.7613833522465,1.2333961725235,0.587448298931122,0.863621652126312,0.00174689799543606,-0.00662659510806217,-0.0478247766935009,0.0177167037536688,0.0194123482431431,0.0481258088712716,0.000658048568502545,-8.86335837780748e-05,-0.0014237482203081,0,0,0,0,11205.08,7.0952324
-0.00516855344961081,0.00326361460599353,0.937145352363586,0.0248449854552746,0.0091140354052186,-1.70815608765817,-0.0516855344961082,0.0326361460599353,0.0149204011333795,-0.109566385857761,-0.040192896137014,7.53296834657253,1.22728872299194,0.578455924987793,0.861619353294373,-0.00115445388935132,-0.00489245651098051,-0.0476777522759569,-0.101790825526784,-0.149872899056753,-0.0333716471992782,-0.0483558647468668,0.0289023099516063,0.0024504069590875,0,0,0,0,11205.14,7.1624578
-0.00940535859890995,0.00632252302352774,0.905487239360809,0.0248449854552746,0.0091140354052186,-1.70815608765817,-0.127104154478974,0.0917672525260264,0.283065357116079,-0.0766964701004326,-0.0281350272959098,5.27307784260077,1.21980309486389,0.568994164466858,0.859605669975281,-0.00530758490161243,-0.00181080485550814,-0.0466025648874487,-0.106937544684119,-0.135168007438979,-0.0287669045578263,-0.0593304430310066,0.0440235950772159,0.0153598198354956,0,0,0,0,11205.21,7.2292347
-0.0136421637482091,0.00938143144106195,0.905487239360809,0.0248449854552746,0.0091140354052186,-1.70815608765817,-0.127104154478974,0.0917672525260264,-0.00185765990891443,-0.0536875290703028,-0.0196945191071369,3.69115448982054,1.21197366714478,0.559066832065582,0.859010457992554,6.19769491173679e-05,0.00135568845793753,-0.0473768252797608,-0.111848967416411,-0.141819034304527,-0.00850302832470751,0.0767080264393161,0.0452356187636976,-0.0110608627473619,0,0,0,0,11205.28,7.2959887
-0.017876785883194,0.0124446052073473,0.905487239360809,0.00890060421079397,0.00932551827281713,-1.70928094651437,-0.127038664049548,0.0918952129885619,-0.000301115585707087,0.105918160851114,-0.0156895091833826,2.59393187258019,1.20603132247925,0.550416588783264,0.859099209308624,0.0028190518092313,-0.00281424223367543,-0.0446790639681251,-0.0990390777596298,-0.144170721373192,0.0014791886011885,0.0459512476689556,-0.069498844860806,0.0449626885276426,0,0,0,0,11205.34,7.3628114
-0.022111408018179,0.0155077789736327,0.905487239360809,0.00890060421079397,0.00932551827281713,-1.70928094651437,-0.127038664049548,0.0918952129885619,-0.000301115585707087,0.0741427125957795,-0.0109826564283678,1.81575231080613,1.19860422611237,0.541908383369446,0.860375583171844,-0.00233125891259563,0.000563267985377773,-0.0498752754590147,-0.106101376670189,-0.121545791626482,0.0182339123317932,-0.0735758674549763,0.048250145986675,-0.0742315927273023,0,0,0,0,11205.41,7.4300289
-0.0263460301531639,0.0185709527399181,0.905487239360809,0.00890060421079397,0.00932551827281713,-1.70928094651437,-0.127038664049548,0.0918952129885619,-0.000301115585707087,0.0518998988170456,-0.00768785949985748,1.27102661756429,1.19169366359711,0.532231986522675,0.86029314994812,-0.00420705075362913,-0.00938100727197916,-0.0426841246883951,-0.0987223216469646,-0.138234240668735,-0.00117761748178154,-0.02679702630059,-0.14206107510569,0.102730725294993,0,0,0,0,11205.48,7.4967791
-0.0271688401162327,0.0190462633143807,0.909676849842072,0.0160645414143801,0.00585070019587874,-1.71212742593026,-0.0246842988920646,0.0142593172338769,-0.0645281301920294,-0.028145505660343,0.0258918610425453,0.915336947038046,1.18539607524872,0.523977279663086,0.861364901065826,-0.00328743524538784,-0.0122276849676455,-0.041620973724368,-0.104959805804187,-0.137578447656807,0.0178625186280484,0.0153269251370202,-0.0474446282600699,0.0177191827333978,0,0,0,0,11205.54,7.563453
-0.0279916500793015,0.0195215738888433,0.901497423648834,0.0160645414143801,0.00585070019587874,-1.71212742593026,-0.0246842988920646,0.0142593172338769,0.0467931998784662,-0.0197018539622401,0.0181243027297817,0.640735862926632,1.1777970790863,0.514261603355408,0.86229944229126,-0.00356447871211309,-0.0137408994910533,-0.0434062642445388,-0.108557088034945,-0.138795375824552,0.0133505889348176,-0.00395776381037718,-0.0216173503344877,-0.0255041502882603,0,0,0,0,11205.61,7.6301803
-0.0288144600423704,0.0199968844633058,0.901497423648834,0.0160645414143801,0.00585070019587874,-1.71212742593026,-0.0246842988920646,0.0142593172338769,-0.0268216358606695,-0.0137912977735681,0.0126870119108472,0.448515104048642,1.17064273357391,0.505401968955994,0.864220261573792,-0.00616734871909892,-0.0209971491295841,-0.041784253779279,-0.102204935891713,-0.126566205706441,0.0274402754648532,-0.0371838572428092,-0.103660709122299,0.0231715780752361,0,0,0,0,11205.68,7.6969885
-0.0296350663027733,0.0204747054665741,0.901497423648834,0.0165862161666155,0.00579074723646045,-1.71538732316232,-0.0246181878120876,0.0143346300980486,-0.0268317361540707,-0.0143489812116164,0.0094204849723577,0.343299647922551,1.16409730911255,0.497351795434952,0.865772008895874,-0.0100824612472423,-0.0214858183325681,-0.0405992898387003,-0.109090407690338,-0.13416955868517,0.0258624553682615,-0.0652518754696097,-0.00814448671646899,0.0197493990098128,0,0,0,0,11205.74,7.7636927
-0.0308532172696604,0.0208389435217278,0.901497423648834,0.0165862161666155,0.00579074723646045,-1.71538732316232,-0.0365445290066129,0.0109271416546117,-0.0243575701079919,-0.0100442868481314,0.00659433948065039,0.240309753545785,1.15692782402039,0.486815124750137,0.868315517902374,-0.00330987461268323,-0.0176270257163853,-0.0443587317054587,-0.102421215602756,-0.150523866926547,0.0363358429501546,0.0967512376369598,0.0551256088028415,-0.0537063123824861,0,0,0,0,11205.81,7.8303378
-0.0320713682365475,0.0212031815768816,0.901497423648834,0.0165862161666155,0.00579074723646045,-1.71538732316232,-0.0365445290066129,0.0109271416546117,-0.0243575701079919,-0.00703100079369201,0.00461603763645527,0.16821682748205,1.14891946315765,0.477520048618317,0.868779480457306,0.0101737067058509,-0.000710373973629271,-0.0397841869740766,-0.114405155179388,-0.132786801880254,0.00662803649887876,0.192622590260569,0.241666453462668,0.0653506390183178,0,0,0,0,11205.88,7.8968712
-0.0332838908389971,0.0215693296949192,0.894700288772583,0.0211701393127441,0.00831130333244801,-1.71517203118539,-0.0363756780734901,0.0109844435411276,0.0367056792797978,-0.0461770088707423,-0.0194537785183693,0.115814151445076,1.14247334003448,0.469265401363373,0.871888101100922,0.00743418534752902,0.000268633178060185,-0.0403642607921395,-0.107435385387061,-0.137577454250232,0.0518103440607018,-0.045658689305752,0.0163167858616294,-0.00966789696779746,0,0,0,0,11205.94,7.9638814
-0.0357412611246787,0.0228776291837421,0.882752418518066,0.0211701393127441,0.00831130333244801,-1.71517203118539,-0.0737211085704468,0.0392489846646872,0.0765838354558237,-0.0323239062095196,-0.0136176449628585,0.0810699060115535,1.13454616069794,0.45955565571785,0.876423120498657,0.00114339195522576,-0.00549883408620956,-0.0430715562664072,-0.113245419094012,-0.138710652079478,0.0647859913964922,-0.0898684770332773,-0.0823923894899103,-0.0386756496325564,0,0,0,0,11206.01,8.0305517
-0.0381986314103603,0.024185928672565,0.882752418518066,0.0211701393127441,0.00831130333244801,-1.71517203118539,-0.0737211085704468,0.0392489846646872,-0.0309469968348257,-0.0226267343466637,-0.00953235147400098,0.0567489342080875,1.12746441364288,0.44922286272049,0.880996823310852,0.00278928011451527,0.00246901028153307,-0.0436216662929572,-0.101167815072616,-0.147611328534331,0.0653386116030549,0.0235126879899479,0.113826348111082,-0.00785871466503195,0,0,0,0,11206.08,8.0972619
-0.0406617402024458,0.0254916556958033,0.882752418518066,0.0178133137524128,0.0067301201634109,-1.71479842927194,-0.0738932637625673,0.0391718106971507,-0.0307933426263729,0.0143727160003175,0.00755800248953325,0.0363618367245919,1.120929479599,0.440773040056229,0.884731292724609,0.00413016247879574,0.00455662937049702,-0.042103553125732,-0.108915567398996,-0.140830377738877,0.0622411568964837,0.0223480394048641,0.0347936514830278,0.0253018861206347,0,0,0,0,11206.14,8.1639573
-0.0448182351077188,0.0277149604394702,0.901703834533691,0.0178133137524128,0.0067301201634109,-1.71479842927194,-0.124694847158188,0.0666991423100051,-0.219557960326173,0.0100609012002223,0.00529060174267328,0.0254532857072143,1.11395084857941,0.431030452251434,0.889715850353241,0.000991202114634546,0.00699131083186914,-0.0419032244221175,-0.0996947288491422,-0.139179825779738,0.0712079661217541,-0.0448422909156097,0.0347811637331282,0.00286183862300181,0,0,0,0,11206.21,8.2307215
-0.0489747300129917,0.029938265183137,0.901703834533691,0.0178133137524128,0.0067301201634109,-1.71479842927194,-0.124694847158188,0.0666991423100051,-0.0489952161855481,0.00704263084015558,0.00370342121987129,0.01781729999505,1.10672509670258,0.421694666147232,0.892992973327637,-0.0028683424145134,0.00607238625313045,-0.0406031483371883,-0.103225026812301,-0.13336837291773,0.0468160424915625,-0.0551363504166285,-0.0131274939820358,0.0185725154990654,0,0,0,0,11206.28,8.2975011
-0.0531339272841643,0.0321585565953461,0.901703834533691,0.0162878781557083,0.0037200206425041,-1.71562931802011,-0.124775918135178,0.0666087423662721,-0.0489543260652537,0.0186587619584493,0.0296832905420712,0.0199501087300555,1.10084998607635,0.413734376430511,0.895606398582458,-0.00234898711179875,0.00200631558962528,-0.0425785620471408,-0.0979185104378429,-0.132671495279803,0.0435570875807327,0.00865592171198434,-0.0677678443923282,-0.0329235618328218,0,0,0,0,11206.34,8.3642183
-0.0572931245553369,0.0343788480075551,0.901703834533691,0.0162878781557083,0.0037200206425041,-1.71562931802011,-0.124775918135178,0.0666087423662721,-0.0489543260652537,0.0130611333709145,0.0207783033794498,0.0139650761110389,1.09449994564056,0.404854297637939,0.89888197183609,-0.000919124774168994,0.00479514202490355,-0.0421244052536378,-0.0907148633688202,-0.126858268465842,0.046793903623503,0.0204266048233671,0.0398403776469982,0.00648795419292762,0,0,0,0,11206.41,8.4309709
-0.0614523218265095,0.0365991394197642,0.901703834533691,0.0162878781557083,0.0037200206425041,-1.71562931802011,-0.124775918135178,0.0666087423662721,-0.0489543260652537,0.00914279335964013,0.0145448123656149,0.0097755532777272,1.08831489086151,0.395774662494659,0.901867926120758,0.00126612106732344,0.00616610730737371,-0.0442459831285123,-0.0883579254154064,-0.129709073475968,0.0426564897811483,0.0312177977357359,0.0195852183210837,-0.0303082553554761,0,0,0,0,11206.48,8.4977406
-0.066362760253579,0.0383020553956092,0.913186848163605,0.0108215333893895,0.00471994280815125,-1.71568582322335,-0.147313152812084,0.0510874792753491,-0.137308883544603,0.0555970582486173,0.00118206916510606,0.00735143412363267,1.08278059959412,0.388736069202423,0.903909504413605,-0.00341898561863083,-0.00258950006101267,-0.0476515786016566,-0.0922381877879036,-0.117309888201378,0.0340263048800353,-0.0780851114308667,-0.145926789469921,-0.0567599245511659,0,0,0,0,11206.54,8.5644589
-0.0712731986806484,0.0400049713714542,0.92761093378067,0.0108215333893895,0.00471994280815125,-1.71568582322335,-0.147313152812084,0.0510874792753491,-0.163778531428972,0.0389179407740321,0.000827448415574244,0.00514600388654287,1.07734572887421,0.379176497459412,0.907554090023041,-0.00368901692062696,-0.000717883318853594,-0.0439480359156711,-0.0679358839989326,-0.119494646787752,0.0455573201179919,-0.0033753912749547,0.0233952092770097,0.046294283574861,0,0,0,0,11206.62,8.6311132
-0.0761836371077179,0.0417078873472991,0.92761093378067,0.0108215333893895,0.00471994280815125,-1.71568582322335,-0.147313152812084,0.0510874792753491,-0.0339617608753834,0.0272425585418225,0.000579213890901971,0.00360220272058001,1.07187795639038,0.371383190155029,0.908089160919189,0.0033139821903812,0.00145165176313922,-0.0420863347672778,-0.0911295413978683,-0.129888455074141,0.0089178482692204,0.116716651851127,0.0361589180335205,0.0310283524734846,0,0,0,0,11206.68,8.6977932
-0.0810911785418907,0.043414234417179,0.92761093378067,0.0120154796168208,0.0056666792370379,-1.71612642075753,-0.147226243025183,0.0511904120963952,-0.0340703066882684,0.00832427493239405,-0.00811517813634849,0.00648691971202319,1.06704699993134,0.365120083093643,0.909134566783905,-0.000113992096333717,-0.00145249490464512,-0.046791757411034,-0.0805159409847736,-0.104385117690655,0.0174234310787408,-0.0571329047790669,-0.0484024444634831,-0.0784237107299351,0,0,0,0,11206.74,8.764465
-0.0859987199760634,0.0451205814870588,0.92761093378067,0.0120154796168208,0.0056666792370379,-1.71612642075753,-0.147226243025183,0.0511904120963952,-0.0340703066882684,0.00582699245267583,-0.00568062469544394,0.00454084379841624,1.0621395111084,0.356314331293106,0.912546932697296,0.00167112271222934,0.0152055338727569,-0.0369676218961774,-0.0701069831851059,-0.12579645429391,0.0487480844772186,0.0255016401224355,0.237971839678161,0.140344793069963,0,0,0,0,11206.81,8.8311951
-0.0909062614102362,0.0468269285569387,0.92761093378067,0.0120154796168208,0.0056666792370379,-1.71612642075753,-0.147226243025183,0.0511904120963952,-0.0340703066882684,0.00407889471687308,-0.00397643728681076,0.00317859065889136,1.05618214607239,0.348177373409271,0.913592875003815,0.00100693018847655,-0.00205780430963661,-0.0407361689680976,-0.0851052147982958,-0.116242255480818,0.0149420329499389,-0.00948846462483281,-0.246619116885953,-0.0538363867405423,0,0,0,0,11206.88,8.8979742
-0.0928650880654064,0.0465074603108385,0.930084943771362,0.0148614915087819,0.00766078708693385,-1.71579549576974,-0.0587647996551062,-0.00958404738300368,-0.0503760689041224,-0.0227588807258387,-0.0207304767498311,-0.000753311428912764,1.05188775062561,0.342667311429977,0.9156094789505,-0.00127567072552237,0.00472565526067555,-0.0417738859251836,-0.0715732574468966,-0.0918343663223433,0.0336100657783818,-0.0380433485669715,0.113057659506162,-0.0172952826182466,0,0,0,0,11206.94,8.9646979
-0.0950902487946884,0.0461569368024455,0.930084943771362,0.0148614915087819,0.00766078708693385,-1.71579549576974,-0.0667548218784611,-0.0105157052517897,-0.0204599848600925,-0.0159312165080871,-0.0145113337248818,-0.000527318000238935,1.04767179489136,0.335491061210632,0.919933319091797,-0.0016792451549427,0.00456037086681021,-0.0403242283169184,-0.0602279390610065,-0.102517860276785,0.0617691448759195,-0.00576534899174303,-0.0023612056266576,0.0207093944038745,0,0,0,0,11207.01,9.0313322
-0.0973154095239705,0.0458064132940526,0.930084943771362,0.0148614915087819,0.00766078708693385,-1.71579549576974,-0.0667548218784611,-0.0105157052517897,-0.0204599848600925,-0.011151851555661,-0.0101579336074172,-0.000369122600167254,1.04061877727509,0.325961202383041,0.922489285469055,0.0108373326917896,0.00601928094409274,-0.0476706414619639,-0.10075739451859,-0.136140840394722,0.0365138053895561,0.178808254954062,0.0208415725326943,-0.104948759215371,0,0,0,0,11207.08,9.0981058
-0.0995396087950493,0.0454574347397115,0.918877124786377,0.0159098189324141,0.00839674472808838,-1.71622870232797,-0.0667259781323644,-0.0104693566302327,0.0803527172265214,-0.017241242901652,-0.0137341722955828,0.00364047320393077,1.03617668151855,0.319210231304169,0.925026178359985,0.0111518330798081,0.00846321890915058,-0.0435515868976906,-0.0740349292761412,-0.112516184648833,0.0422815481825285,0.00524167313368708,0.0407322994179764,0.0686509094051369,0,0,0,0,11207.14,9.1647894
-0.102076677757686,0.0456066421290535,0.918877124786377,0.0159098189324141,0.00839674472808838,-1.71622870232797,-0.0761120688791046,0.00447622168026155,-0.0338240653679506,-0.0120688700311564,-0.00961392060690798,0.00254833124275154,1.03003895282745,0.310968160629272,0.92659854888916,0.0045660209337445,0.000303720461947559,-0.0432161660864114,-0.0876818384423872,-0.117743866781662,0.0224624361305783,-0.0940830306559982,-0.116564263528927,0.00479172587531314,0,0,0,0,11207.21,9.2314726
-0.104613746720323,0.0457558495183956,0.918877124786377,0.0159098189324141,0.00839674472808838,-1.71622870232797,-0.0761120688791046,0.00447622168026155,-0.0338240653679506,-0.00844820902180947,-0.00672974442483558,0.00178383186992608,1.02553808689117,0.302759289741516,0.929142951965332,0.00364158629864274,0.00432771912860409,-0.0389039914482396,-0.0642980848042573,-0.117269584111293,0.0363486153740351,-0.0132062090729372,0.0574856952381894,0.0616024948312821,0,0,0,0,11207.28,9.2981855
-0.107146123041641,0.0458952917135008,0.933216452598572,0.0194493643939495,0.00519484048709273,-1.71469567086435,-0.0759712896395558,0.00418326585315592,-0.163051030201899,-0.0377696554690857,0.0241063170715759,-0.0125486008636592,1.02126109600067,0.295388460159302,0.929927468299866,0.0026723399706634,0.00436533675981355,-0.0408582080056367,-0.0712831815089873,-0.122847159704615,0.0130752722423392,-0.0161541054664595,0.000626960520163074,-0.0325702759568947,0,0,0,0,11207.34,9.3648824
-0.10967849936296,0.046034733908606,0.933216452598572,0.0194493643939495,0.00519484048709273,-1.71469567086435,-0.0759712896395558,0.00418326585315592,-0.0339970798921457,-0.02643875882836,0.0168744219501031,-0.00878402060456142,1.01701974868774,0.287831276655197,0.930598974227905,-0.00183859358156337,0.000844863728703039,-0.0395282303324913,-0.0605906758992126,-0.1079597643448,0.00959294182917632,-0.0644419078892218,-0.0502924718732164,0.0189996810450119,0,0,0,0,11207.41,9.4316303
-0.112210875684278,0.0461741761037112,0.933216452598572,0.0194493643939495,0.00519484048709273,-1.71469567086435,-0.0759712896395558,0.00418326585315592,-0.0339970798921457,-0.018507131179852,0.0118120953650722,-0.00614881442319299,1.01195597648621,0.27887761592865,0.930045604705811,0.00435471715955763,0.00250736846077463,-0.0407539932902169,-0.0723396028794163,-0.127909438951207,-0.00790527888710039,0.0884758677306679,0.0237500676011215,-0.0175108993961519,0,0,0,0,11207.48,9.4983503
-0.115279470691939,0.046798652734676,0.960184156894684,0.0139818033203483,0.00674608536064625,-1.71533773209787,-0.0920578502298295,0.0187342989289456,-0.271799711299053,0.0362530578365148,-0.0056927371064311,0.00147438100544948,1.00734198093414,0.271320819854736,0.929960072040558,0.000841885156957179,0.000790939765636745,-0.0423897847798249,-0.0768999258660379,-0.125946601229144,-0.00142554442084698,-0.0585472000420629,-0.0286071449183403,-0.0272631914928722,0,0,0,0,11207.54,9.5649782
-0.1183480656996,0.0474231293656409,0.955044746398926,0.0139818033203483,0.00674608536064625,-1.71533773209787,-0.0920578502298295,0.0187342989289456,0.017164321827778,0.0253771404855604,-0.00398491597450177,0.00103206670381463,1.00374269485474,0.264644712209702,0.930146872997284,-0.000720054960563308,0.00432543235767251,-0.0407457656103814,-0.0514183725631672,-0.0953729663580364,0.00266858509609787,-0.0223134302503854,0.0504927513150066,0.0234859881350051,0,0,0,0,11207.61,9.6317035
-0.121416660707261,0.0480476059966057,0.955044746398926,0.0139818033203483,0.00674608536064625,-1.71533773209787,-0.0920578502298295,0.0187342989289456,-0.0290903726340446,0.0177639983398923,-0.00278944118215124,0.000722446692670244,0.999302685260773,0.256880253553391,0.930889904499054,-0.00842674925543416,0.00155608809115701,-0.0416849971354659,-0.0634287084854583,-0.110920837947762,0.0106147357396158,-0.110095632784327,-0.0395620609503859,-0.013417593215548,0,0,0,0,11207.68,9.6983714
-0.124485593570796,0.0486694376372633,0.955044746398926,0.0140554942190647,0.00554170506075025,-1.71501825120187,-0.0920679859060451,0.018654949219726,-0.0290996403273603,0.0117715807494765,0.00888681387155815,-0.00236961537909567,0.995401918888092,0.250132203102112,0.932721674442291,-0.00263395596434065,-0.00370043501013857,-0.0394030170223417,-0.0557252338956697,-0.0964007207329535,0.026168142046356,0.0827541898731086,-0.0750931871616776,0.032599715901909,0,0,0,0,11207.75,9.7650888
-0.127554526434331,0.0492912692779208,0.955044746398926,0.0140554942190647,0.00554170506075025,-1.71501825120187,-0.0920679859060451,0.018654949219726,-0.0290996403273603,0.00824010652463357,0.00622076971009071,-0.00165873076536697,0.991677403450012,0.243405714631081,0.934495508670807,-0.00181610561870356,0.000580363331481603,-0.0409809037599209,-0.0620752573018575,-0.112108141184805,0.0295639038088447,0.0136308390940673,0.0713466390276085,-0.0262981122932093,0,0,0,0,11207.81,9.8318311
-0.130623459297866,0.0499131009185783,0.955044746398926,0.0140554942190647,0.00554170506075025,-1.71501825120187,-0.0920679859060451,0.018654949219726,-0.0290996403273603,0.0057680745672435,0.00435453879706349,-0.00116111153575688,0.988076746463776,0.236773699522018,0.936155080795288,0.00284363666416667,0.00127125350458064,-0.0365329190839457,-0.051437956945114,-0.0947430729845347,0.0237081732063568,0.066567746896693,0.00986985961548507,0.0635426382268292,0,0,0,0,11207.88,9.8985579
-0.133167426089754,0.0511571412143136,0.953274726867676,0.0120538091287017,0.00767311081290245,-1.71653578545785,-0.0763190037566329,0.0373212088720582,-0.0117869746757224,0.0220528180103377,-0.0161344746114254,0.0128450302288032,0.984224557876587,0.23089961707592,0.936853468418121,0.00935361218827856,-0.00386680503818929,-0.0457352184112215,-0.064203143120357,-0.0979013741024698,0.0116397937139863,0.108499592069453,-0.0856343090468924,-0.153371655455898,0,0,0,0,11207.94,9.9653495
-0.135711392881641,0.0524011815100489,0.953274726867676,0.0120538091287017,0.00767311081290245,-1.71653578545785,-0.0763190037566329,0.0373212088720582,-0.0277171504569724,0.0154369726072364,-0.0112941322279978,0.00899152116016223,0.981209576129913,0.224854484200478,0.937994241714478,0.00507801416772917,-0.00503110995969864,-0.0424157051290844,-0.0430711678098017,-0.0863590410781091,0.0162967613765849,-0.0610799717223881,-0.0166329274502026,0.0474216183164409,0,0,-0.000128053325905985,-0.000128053325905985,11208.01,10.0321024
-0.138255359673529,0.0536452218057841,0.953274726867676,0.0120538091287017,0.00767311081290245,-1.71653578545785,-0.0763190037566329,0.0373212088720582,-0.0277171504569724,0.0108058808250655,-0.00790589255959845,0.00629406481211356,0.977183103561401,0.218139454722404,0.938914716243744,0.00576820312509115,-0.000767854345461857,-0.0366518671746152,-0.0575210366932672,-0.0959289925443006,0.0131496361324312,0.00985984224806933,0.0609036516322072,0.0823405422070457,0,0,0.036030575614489,0.036030575614489,11208.08,10.0988237
-0.140793214221652,0.0548925856015772,0.960919201374054,0.0153871094807982,0.00811683665961027,-1.71784208085275,-0.0761356364436778,0.0374209138737921,-0.0966980646679341,-0.0224355865913232,-0.0095276574120893,0.0161625039225566,0.972867071628571,0.211131498217583,0.940142691135406,0.00352616073920926,0.0026079905034688,-0.0360115206417558,-0.0616575990406965,-0.100113664355013,0.0175424984523958,-0.032029176941303,0.0482263549849242,0.00914780761231491,0,0,0.0711907309364403,0.0711907309364403,11208.15,10.1655534
-0.14285787916995,0.056369112600516,0.960919201374054,0.0153871094807982,0.00811683665961027,-1.71784208085275,-0.0619399484489579,0.0442958099681636,-0.0759868724572463,-0.0157049106139262,-0.00666936018846251,0.0113137527457897,0.969422698020935,0.204528138041496,0.94812273979187,0.00184751957734938,0.0011943937677989,-0.0353113481453959,-0.0492053372521403,-0.0943337168016269,0.114000695092811,-0.0239805880266694,-0.0201942390810826,0.0100024642337556,0,0,0.104399347259658,0.104399347259658,11208.22,10.2323135
-0.144922544118249,0.0578456395994548,0.960919201374054,0.0153871094807982,0.00811683665961027,-1.71784208085275,-0.0619399484489579,0.0442958099681636,-0.0759868724572463,-0.0109934374297484,-0.00466855213192376,0.00791962692205275,0.966650187969208,0.199775770306587,0.962582111358643,0.00768803995610239,0.000610967468267477,-0.0371997509880702,-0.046208500861113,-0.0792061289134221,0.240989526107614,0.0973420063104253,-0.00972377165864474,-0.0314733807105524,0,0,0.134737281874336,0.134737281874336,11208.28,10.2990176
-0.146984234868779,0.059325724108091,0.979164183139801,0.0155910458415747,0.00830512866377831,-1.71929071213937,-0.0618507225159143,0.0444025352590855,-0.240196799195285,-0.00953083344781168,-0.00496261452985893,0.0185814204250268,0.963483572006226,0.193594172596931,0.990707159042358,0.00314436151711168,0.00168388829617237,-0.03377775111919,-0.0452373708999335,-0.0883085387097352,0.401786395483325,-0.0649096919858515,0.015327440398705,0.0488857124127784,0,0,0.161506151443419,0.161506151443419,11208.35,10.3657934
-0.14904592561931,0.0608058086167271,0.979164183139801,0.0155910458415747,0.00830512866377831,-1.71929071213937,-0.0618507225159143,0.0444025352590855,-0.0759919633035609,-0.00667158341346817,-0.00347383017090125,0.0130069942975187,0.960481643676758,0.188735872507095,1.02385306358337,0.00474286981706003,0.00387775441403896,-0.0309405881518159,-0.0500321388248876,-0.0809716681646227,0.55243174235495,0.0266418049993653,0.036564435298087,0.0472860494566349,0,0,0.18406227891872,0.18406227891872,11208.41,10.4325433
-0.15110761636984,0.0622858931253633,0.979164183139801,0.0155910458415747,0.00830512866377831,-1.71929071213937,-0.0618507225159143,0.0444025352590855,-0.0759919633035609,-0.00467010838942772,-0.00243168111963088,0.00910489600826312,0.957890331745148,0.182277649641037,1.07242178916931,0.000249760374393978,0.00594248612655525,-0.0191795963769369,-0.0370187418802983,-0.09226032665836,0.693838936944849,-0.064187277752639,0.0294961673217838,0.168014168213256,0,0,0.201978312305736,0.201978312305736,11208.48,10.4992241
-0.151991693919014,0.0640315124284034,1.03143513202667,0.0158494655042887,0.00721287121996284,-1.72562597062326,-0.026522326475203,0.052368579091201,-0.850025576530736,-0.00559485283702545,0.00812814021059762,0.0633907535607647,0.955651044845581,0.176777422428131,1.12920248508453,0.00574282017791438,0.00293507969683447,-0.00571616755727956,-0.0319898128502539,-0.0785746744683689,0.811152798771182,0.0784722829057215,-0.0429629489950732,0.192334697419478,0,0,0.215049642093761,0.215049642093761,11208.55,10.5658928
-0.152875771468187,0.0657771317314434,1.03143513202667,0.0158494655042887,0.00721287121996284,-1.72562597062326,-0.026522326475203,0.052368579091201,-0.379587036548894,-0.00391639698591781,0.00568969814741833,0.0443735274925353,0.953192889690399,0.172288119792938,1.19225192070007,0.00837222413384152,-0.00232166079674821,0.00541892892563787,-0.0351165022170301,-0.0641328947887362,0.900706223082881,0.0375629136562581,-0.0750962927657791,0.159072806899482,0,0,0.223253934418233,0.223253934418233,11208.62,10.6326062
-0.153759849017361,0.0675227510344834,1.03143513202667,0.0158494655042887,0.00721287121996284,-1.72562597062326,-0.026522326475203,0.052368579091201,-0.379587036548894,-0.00274147789014247,0.00398278870319283,0.0310614692447747,0.951241791248322,0.167660549283028,1.25000381469727,0.00554470429985351,-0.0123188288632734,0.0259950552047536,-0.0325183073682366,-0.0771261751658311,0.962531566628044,-0.0471253305668668,-0.166619467776834,0.342935437988172,0,0,0.226745384023696,0.226745384023696,11208.68,10.6993035
-0.154621025952369,0.0693026478742926,1.15720760822296,0.014377910643816,0.00754985865205526,-1.75292299058175,-0.0258353080502365,0.0533969051942748,-1.51149233747276,0.0113249592211544,-0.000244934796596873,0.267416208097807,0.94795161485672,0.16225229203701,1.32214665412903,0.0055154593220287,0.00395245353167882,0.0440039286817887,-0.0470025198802177,-0.0772608178005706,1.03061199188661,-0.000417785397499025,0.232446891357426,0.257269621101572,0,0,0.225878930156089,0.225878930156089,11208.75,10.7658644
-0.155482202887377,0.0710825447141017,1.15720760822296,0.014377910643816,0.00754985865205526,-1.75292299058175,-0.0258353080502365,0.0533969051942748,-0.379540051706159,0.00792747145480807,-0.000171454357617811,0.187191345668465,0.945451736450195,0.159107342362404,1.38562631607056,0.00432779426432289,-0.00584201119081993,0.0469389209435576,-0.041664640109098,-0.0524158279105503,1.05799436570112,-0.0197944176285983,-0.163241078709698,0.0489165376965634,0,0,0.221142553755078,0.221142553755078,11208.81,10.8327069
-0.156343379822384,0.0728624415539109,1.15720760822296,0.014377910643816,0.00754985865205526,-1.75292299058175,-0.0258353080502365,0.0533969051942748,-0.379540051706159,0.00554923001836565,-0.000120018050332468,0.131033941967926,0.944291591644287,0.15310113132,1.45940291881561,0.00157000771857927,-0.00118343743800046,0.0874565271651079,-0.0165734972268983,-0.0858030148896153,1.05395146776351,-0.0393969506526202,0.066551053610254,0.578822946009513,0,0,0.213195328051624,0.213195328051624,11208.88,10.8993896
-0.156339018231635,0.0753489481730437,1.33364307880402,0.0145183922722936,0.0059850150719285,-1.80781505372262,0.000130847722493242,0.0745951985739843,-2.31801946016331,0.00262012635655779,0.0139995795859081,0.58575232764537,0.942145764827728,0.147529512643814,1.53333520889282,0.00737795396487859,0.00189299721585943,0.11324064237036,-0.0306546688081109,-0.0795945525172682,1.05617557253596,0.0829706606617638,0.0439490664838955,0.368344502933711,0,0,0.202757402995247,0.202757402995247,11208.95,10.9661153
-0.156706481521068,0.0774483816826614,1.33364307880402,0.0145183922722936,0.0059850150719285,-1.80781505372262,-0.0110238986829877,0.0629830052885315,-0.714623126209647,0.00183408844959046,0.00979970571013569,0.410026629351759,0.940794825553894,0.142998650670052,1.59566557407379,0.0145641511364231,0.00665763153175433,0.140156950928707,-0.0225156545640949,-0.0755143662300162,1.03883941969164,0.119769952860093,0.0794105719322557,0.448605142642909,0,0,0.190615726544034,0.190615726544034,11209.01,11.0329036
-0.1570739448105,0.0795478151922791,1.33364307880402,0.0145183922722936,0.0059850150719285,-1.80781505372262,-0.0110238986829877,0.0629830052885315,-0.714623126209647,0.00128386191471332,0.00685979399709499,0.287018640546231,0.940619230270386,0.141321152448654,1.66778516769409,0.03783644393601,-0.0246057008283809,0.165989769276622,-0.00250850405012901,-0.0239642603057768,1.03027990886572,0.332461325709766,-0.446619033718074,0.36904026211461,0,0,0.177606898343132,0.177606898343132,11209.08,11.099631
-0.157272762216667,0.0817280206252559,1.53334724903107,0.0144566176459193,0.00780995842069387,-1.87971542145944,-0.00596452218500426,0.0654061629893043,-2.51188346190747,0.00145467497766753,-0.0116226343409219,0.84801635801371,0.936796188354492,0.134126871824265,1.73448932170868,0.0216695721779727,-0.00759238452944964,0.182824300123164,-0.0546148845129921,-0.102775437491708,0.952916485926639,-0.230955310830065,0.243047375700028,0.240493297808747,0,0,0.164508905148633,0.164508905148633,11209.15,11.1663807
-0.156869677093926,0.0842612566016892,1.53334724903107,0.0144566176459193,0.00780995842069387,-1.87971542145944,0.0120925536822357,0.0759970792929977,-0.62841645613601,0.00101827248436727,-0.00813584403864531,0.593611450609597,0.93485689163208,0.127487629652023,1.80096781253815,0.0166819707810909,0.00155545649474874,0.214377912943486,-0.0277042388917167,-0.0948463167466974,0.949692726139202,-0.0712514485271784,0.130683443203377,0.450765897435044,0,0,0.152072335304107,0.152072335304107,11209.22,11.2330683
-0.156466591971185,0.0867944925781225,1.53334724903107,0.0144566176459193,0.00780995842069387,-1.87971542145944,0.0120925536822357,0.0759970792929977,-0.62841645613601,0.000712790739057087,-0.00569509082705172,0.415528015426718,0.93375551700592,0.122108951210976,1.85574412345886,0.0140317143145832,0.00207581289186278,0.236597953568616,-0.0183562437689271,-0.0896446406821711,0.912938515325328,-0.0441709411074983,0.00867260661837801,0.370334010410752,0,0,0.140904348473865,0.140904348473865,11209.28,11.2999037
-0.155721141973334,0.0892364927481632,1.69511008262634,0.0201029237359762,0.0080811670050025,-1.95220468308664,0.0223634999355374,0.0732600051012222,-2.08430325722869,-0.0503178012931721,-0.00642744083771382,0.943272965443478,0.93220978975296,0.115903615951538,1.91669714450836,0.0105767040785177,-0.000167604369233498,0.261301846799329,-0.0220818178995233,-0.0886476465637623,0.870757443567899,-0.0493572890868546,-0.0320488180157944,0.352912760440223,0,0,0.131577360201058,0.131577360201058,11209.35,11.3666095
-0.154975691975482,0.091678492918204,1.69511008262634,0.0201029237359762,0.0080811670050025,-1.95220468308664,0.0223634999355374,0.0732600051012222,-0.62843775487121,-0.0352224609052205,-0.00449920858639967,0.660291075810435,0.93118143081665,0.110133230686188,1.96595072746277,0.0121959129954297,-0.00318192753236492,0.279575990094575,-0.0171393156053091,-0.0961730877566554,0.820893049247081,0.0269868152820958,-0.0502387193859502,0.304569054923354,0,0,0.124452098077584,0.124452098077584,11209.41,11.4333505
-0.154230241977631,0.0941204930882447,1.69511008262634,0.0201029237359762,0.0080811670050025,-1.95220468308664,0.0223634999355374,0.0732600051012222,-0.62843775487121,-0.0246557226336543,-0.00314944601047977,0.462203753067304,0.929515957832336,0.103094443678856,2.02087140083313,0.00983926967188469,-0.00231240565288705,0.300933233503157,-0.0237924712045841,-0.100554100105159,0.784581048151281,-0.0336663331936406,0.0124217411354499,0.305103477266722,0,0,0.119772442048855,0.119772442048855,11209.48,11.5000853
-0.152503834753657,0.0925664972671814,1.85388648509979,0.0201029237359762,0.0080811670050025,-1.95220468308664,0.0517922167192273,-0.0466198746318999,-1.95804625448416,-0.017259005843558,-0.00220461220733584,0.323542627147113,0.928330898284912,0.0961974188685417,2.07269358634949,0.0122265236205534,-0.00816089925081942,0.314763868438546,-0.0169294221056921,-0.0985289258594804,0.740316935931804,0.0341036278373802,-0.0835499085400674,0.197580499072675,0,0,0.117623975447113,0.117623975447113,11209.55,11.5667705
-0.151002752489867,0.0909770256799688,1.85388648509979,0.0146275945007801,0.00891030300408602,-2.02059922482705,0.0450324679137056,-0.0476841476163767,-0.529315187329911,0.0371966590262744,-0.00900545253688676,0.842030714666737,0.927075207233429,0.089025542140007,2.12164378166199,0.0189644649041838,-0.00495959902651755,0.342476309355743,-0.0179384435926911,-0.102455381836636,0.699288504467193,0.096256304052263,0.0457328603473597,0.395892013104466,0,0,0.117936673688394,0.117936673688394,11209.62,11.6332422
-0.149501670226077,0.0893875540927563,2.0156786441803,0.0146275945007801,0.00891030300408602,-2.02059922482705,0.0450324679137056,-0.0476841476163767,-1.98544461905446,0.0260376613183921,-0.00630381677582073,0.589421500266715,0.925901293754578,0.0820076540112495,2.16242861747742,0.0185234136353034,-0.00709602653364363,0.360749580558457,-0.0195652246476881,-0.116964802146951,0.679747263596265,-0.00735085448140232,-0.0356071251190703,0.304554520047817,0,0,0.120537235157968,0.120537235157968,11209.68,11.700248
-0.148027901849502,0.0877711903318169,2.0156786441803,0.0157941840589046,0.0120230112224817,-2.07642064358926,0.0442130512972246,-0.0484909128281825,-0.529313122297761,0.00772705689975357,-0.0324270457086359,0.914987819046564,0.923192620277405,0.0740672647953033,2.210289478302,0.0167065922921405,0.00411389718839046,0.371863541818076,-0.0386953353883445,-0.113434131656846,0.683726583211199,-0.0259545906167204,0.160141767458296,0.158770875138074,0,0,0.125100053636994,0.125100053636994,11209.75,11.7669691
-0.146554133472928,0.0861548265708774,2.0156786441803,0.0157941840589046,0.0120230112224817,-2.07642064358926,0.0442130512972246,-0.0484909128281825,-0.529313122297761,0.0054089398298275,-0.0226989319960451,0.640491473332595,0.921863973140717,0.0658955499529839,2.25767374038696,0.0164609525804437,0.00123447960891797,0.388202162197238,-0.0189806733813394,-0.116738783462192,0.676918029787971,-0.00350913873854057,-0.041134536849778,0.233408862560427,0,0,0.131196507786618,0.131196507786618,11209.82,11.8332628
-0.145080365096354,0.084538462809938,2.17185306549072,0.0157941840589046,0.0120230112224817,-2.07642064358926,0.0442130512972246,-0.0484909128281825,-1.93488291409158,0.00378625788087925,-0.0158892523972316,0.448344031332816,0.920533955097198,0.0585384927690029,2.29903078079224,0.0186080652398409,0.00258230516594725,0.399831645829029,-0.0221669673914839,-0.122617619730339,0.689284006739512,0.0357852109891716,0.022463759283331,0.193824727192279,0,0,0.138518838056586,0.138518838056586,11209.88,11.9004846
-0.144793786959302,0.0827736559972517,2.17185306549072,0.0174451991915703,0.0102105960249901,-2.1242180850718,0.00859734411156847,-0.0529442043805881,-0.451824341840877,-0.0122087556773752,0.0051892600993627,0.744017795275867,0.918718576431274,0.0491605214774609,2.34746503829956,0.020558934912791,0.00669565082750938,0.411002169573869,-0.0259339809418803,-0.133971018451158,0.691917964393223,0.0278695667565461,0.0587620808797033,0.15957891064124,0,0,0.146458599946138,0.146458599946138,11209.95,11.9672604
-0.143488855895779,0.0834050883497884,2.17185306549072,0.0174451991915703,0.0102105960249901,-2.1242180850718,0.0391479319056967,0.0189429705761008,-0.487952945868904,-0.00854612897416266,0.00363248206955389,0.520812456693107,0.917424321174622,0.0401556007564068,2.39740633964539,0.017047293977195,0.0035350221511722,0.428978258932881,-0.018489360809403,-0.128641724587022,0.713447162086183,-0.050166299080152,-0.0451518382335759,0.256801276558386,0,0,0.154553907532232,0.154553907532232,11210.02,12.0336323
-0.142183924832255,0.0840365207023251,2.3203821182251,0.0174451991915703,0.0102105960249901,-2.1242180850718,0.0391479319056967,0.0189429705761008,-1.82471442047828,-0.00598229028191386,0.00254273744868772,0.364568719685175,0.915922999382019,0.030322739854455,2.44837117195129,0.0188090212333995,0.00592202423057202,0.445637073305133,-0.0214474541801254,-0.140469441457038,0.728069032944573,0.0251675322315975,0.0341000297058534,0.237983062461729,0,0,0.162525034261516,0.162525034261516,11210.09,12.1007106
-0.140834903484907,0.0846446793239837,2.3203821182251,0.0173527766019106,0.0117966467514634,-2.16595242287851,0.0404706404204467,0.0182447586497565,-0.487913104180316,-0.00335579989040249,-0.0124945403241786,0.630807144039937,0.914717614650726,0.0218102671205997,2.49443435668945,0.0183147086767657,0.00181621223133172,0.459271228391263,-0.0200897455217159,-0.141874545565458,0.767719745642503,-0.00823854261063301,-0.0684301999879192,0.227235918104091,0,0,0.169901622463806,0.169901622463806,11210.15,12.1674482
-0.139485882137559,0.0852528379456422,2.3203821182251,0.0173527766019106,0.0117966467514634,-2.16595242287851,0.0404706404204467,0.0182447586497565,-0.487913104180316,-0.00234905992328174,-0.008746178226925,0.441565000827956,0.91374146938324,0.0110787898302078,2.5506284236908,0.0191724454671196,0.00488174577776267,0.474691657022167,-0.0162690877910878,-0.178857954835961,0.93656778333527,0.0142956131722536,0.0510922257727341,0.257007143842793,0,0,0.176487442199443,0.176487442199443,11210.21,12.2343124
-0.138136860790211,0.0858609965673008,2.46942186355591,0.0173527766019106,0.0117966467514634,-2.16595242287851,0.0404706404204467,0.0182447586497565,-1.82927081215761,-0.00164434194629722,-0.0061223247588475,0.309095500579569,0.912267684936523,0.000596377998590469,2.60094094276428,0.00700968383199927,-0.00495071893843517,0.489860790462415,-0.0210540635246062,-0.149748740452299,0.718750272481364,-0.173753737645299,-0.140463781660553,0.216701906290159,0,0,0.182122938818106,0.182122938818106,11210.28,12.3011031
-0.138300629047427,0.088487741465888,2.46942186355591,0.0173776410520077,0.010477620176971,-2.21144840981698,-0.00491304771648332,0.0788023469576163,-0.553725653818494,-0.00137481941328181,0.00758561183923884,0.625830732851988,0.911218345165253,-0.0106225535273552,2.65982389450073,0.0113897553387952,-0.00656587414473715,0.505066086767302,-0.0149905681610731,-0.160270450371319,0.841185024809929,0.0625724500973449,-0.02307364580441,0.217218518642141,0,0,0.186794567874651,0.186794567874651,11210.35,12.3678541
-0.138464397304643,0.0911144863644752,2.46942186355591,0.0173776410520077,0.010477620176971,-2.21144840981698,-0.00491304771648332,0.0788023469576163,-0.553725653818494,-0.000962373589297266,0.00530992828746719,0.438081512996391,0.908770263195038,-0.0204821787774563,2.7105712890625,0.00129912201847477,-0.0411811025135114,0.523912818781056,-0.0349725995746432,-0.140851789287744,0.724962779456837,-0.144151904576606,-0.494503262413117,0.269239028769041,0,0,0.190602136976208,0.190602136976208,11210.42,12.4344907
-0.138628165561859,0.0937412312630624,2.63608026504517,0.0173776410520077,0.010477620176971,-2.21144840981698,-0.00491304771648332,0.0788023469576163,-2.05365126722181,-0.000673661512508086,0.00371694980122703,0.306657059097474,0.906518995761871,-0.0286045148968697,2.7376754283905,0.000479372651906606,-0.0434485134702611,0.542443046736621,-0.0375211238864269,-0.135372268658039,0.45173565547055,-0.0136624894429187,-0.0377901826128161,0.30883713259537,0,0,0.193775473442777,0.193775473442777,11210.48,12.5012712
-0.141419072946995,0.0926544283336369,2.63608026504517,0.0177633091807365,0.00746336998417974,-2.26007066037393,-0.0837272215540741,-0.0326040878827647,-0.510600657185086,-0.00394257621731546,0.0297301165959799,0.652260196380744,0.903322696685791,-0.0378934219479561,2.74721646308899,0.0190921291218564,-0.0371043017522235,0.556865077948131,-0.0456614153715793,-0.132698672155481,0.136300495689687,0.265896520993478,0.0906315959699875,0.206029017302791,0,0,0.196619608644343,0.196619608644343,11210.55,12.5680244
-0.144209980332131,0.0915676254042114,2.63608026504517,0.0177633091807365,0.00746336998417974,-2.26007066037393,-0.0837272215540741,-0.0326040878827647,-0.510600657185086,-0.00275980335212082,0.020811081617186,0.456582137466521,0.905410945415497,-0.0512786954641342,2.73799514770508,0.000799354861327939,-0.0407581266846159,0.557251242773858,0.0348041454953923,-0.223087891938196,-0.153688589733157,-0.304879571011395,-0.0608970822070573,0.00643608042882424,0,0,0.199526071755366,0.199526071755366,11210.61,12.6347225
-0.147000887717266,0.0904808224747859,2.68634033203125,0.0177633091807365,0.00746336998417974,-2.26007066037393,-0.0837272215540741,-0.0326040878827647,-0.962941260059841,-0.00193186234648458,0.0145677571320302,0.319607496226564,0.905449092388153,-0.0669582262635231,2.69671988487244,0.00209943012964653,-0.0374967652601222,0.564607689024729,0.000476837158203559,-0.195994134992539,-0.515940785408489,0.0162509408539972,0.0407670178062089,0.0919555781359816,0,0,0.202940311969078,0.202940311969078,11210.69,12.7014319
-0.149735726053736,0.0895495117606102,2.68634033203125,0.019394226372242,0.0115460241213441,-2.29837570454812,-0.0820451500940863,-0.0279393214252731,-0.51086989480642,-0.0160305583660881,-0.0265464572420581,0.568470644926348,0.90451842546463,-0.0766739696264267,2.64314484596252,-0.00173956676286331,-0.037231130661514,0.567823965576289,-0.0155111153921808,-0.161929056049768,-0.892917315172782,-0.0639832815423739,0.00442724331017387,0.0536046091931121,0,0,0.207324117866144,0.207324117866144,11210.75,12.7681389
-0.152470564390206,0.0886182010464344,2.68634033203125,0.019394226372242,0.0115460241213441,-2.29837570454812,-0.0820451500940863,-0.0279393214252731,-0.51086989480642,-0.0112213908562617,-0.0185825200694407,0.397929451448444,0.903420031070709,-0.0885043665766716,2.55582880973816,0.00327580938720874,-0.0191815648118985,0.568171139575787,-0.0156913484846495,-0.169005670718487,-1.24737194606755,0.0716482307156129,0.257850940709866,0.00495962856428596,0,0,0.213130016060251,0.213130016060251,11210.82,12.8348774
-0.154026417732781,0.0914380544662047,2.56059455871582,0.019394226372242,0.0115460241213441,-2.29837570454812,-0.0466756002772694,0.0845956025931081,2.01658980001903,-0.00785497359938317,-0.0130077640486085,0.278550616013911,0.902179658412933,-0.0982924848794937,2.46341323852539,0.0022720047747536,-0.0181070427526485,0.577212515227552,-0.0206728776291467,-0.163135305043474,-1.54025952017919,-0.0167300768738871,0.0179087009871086,0.150689594192787,0,0,0.220759452852757,0.220759452852757,11210.88,12.9016138
-0.155158511399142,0.0941957298500998,2.56059455871582,0.0111659886315465,0.00650298409163952,-2.30696497227884,-0.0339628099908154,0.0827302615168546,0.88524801550467,0.0685556581466911,0.0362819254333152,0.272288840786153,0.900559663772583,-0.109777517616749,2.35207748413086,-0.00678217842004981,-0.0241572657867175,0.576982645475469,-0.0231427805765297,-0.164071896247184,-1.59051077707134,-0.129345474212015,-0.0864317576299161,-0.00328385360120017,0,0,0.230541912932262,0.230541912932262,11210.95,12.9683729
-0.156290605065502,0.096953405233995,2.56059455871582,0.0111659886315465,0.00650298409163952,-2.30696497227884,-0.0339628099908154,0.0827302615168546,0.88524801550467,0.0479889607026838,0.0253973478033207,0.190602188550307,0.901323556900024,-0.121447846293449,2.26852345466614,-0.00281113246250261,-0.0213645485771911,0.573347134425413,0.0127315521241315,-0.194505477946661,-1.39256715775718,0.0661840992930152,0.0465452868258343,-0.0605918508347865,0,0,0.242687714722904,0.242687714722904,11211.01,13.0350945
-0.157422698731863,0.0997110806178901,2.32084918022156,0.0111659886315465,0.00650298409163952,-2.30696497227884,-0.0339628099908154,0.0827302615168546,3.04295642195303,0.0335922724918786,0.0177781434623245,0.133421531985215,0.90033632516861,-0.134640276432037,2.18441295623779,0.00130784416000628,-0.0152080063017682,0.587028046549309,-0.0123403966426962,-0.164905376732499,-1.05138123035527,0.051487207781408,0.0769567784428571,0.171011401548861,0,0,0.257293803185767,0.257293803185767,11211.09,13.101818
-0.162217814264527,0.100470048610214,2.32084918022156,0.0119696613401175,0.0051042390987277,-2.31278429295755,-0.143853465979931,0.0227690397697129,0.943170512861488,0.0162815363671764,0.0250334053598335,0.145768958498049,0.899861693382263,-0.144611418247223,2.14416480064392,0.0108018606823049,0.00310103060275897,0.607875833462376,-0.00791052977250774,-0.16618569692117,-0.670802593236895,0.15823360870632,0.305150615078042,0.347463115220731,0,0,0.274293530967934,0.274293530967934,11211.15,13.1684892
-0.167012929797192,0.101229016602538,2.32084918022156,0.0119696613401175,0.0051042390987277,-2.31278429295755,-0.143853465979931,0.0227690397697129,0.943170512861488,0.0113970754570235,0.0175233837518834,0.102038270948634,0.899805724620819,-0.156432181596756,2.12179732322693,0.0185267491748124,0.0010796377612516,0.622053343849234,-0.000799553734918921,-0.168868047851175,-0.319535391672645,0.110355549893424,-0.0288770405930826,0.202535862670245,0,0,0.293509744933809,0.293509744933809,11211.22,13.2352115
-0.172383925163173,0.104998329918674,2.17840075492859,0.0119696613401175,0.0051042390987277,-2.31278429295755,-0.161129860979439,0.113079399484097,1.46732122578538,0.00797795281991645,0.0122663686263184,0.071426789664044,0.900792300701141,-0.167823195457458,2.12480401992798,0.0196942881823922,0.00604138425099987,0.649295324848335,0.0164429346716788,-0.189850231007565,0.0501116116830696,0.0194589834592373,0.0826957748273329,0.454033016641768,0,0,0.314575124082911,0.314575124082911,11211.28,13.3019314
-0.17768290004555,0.108962077631159,2.17840075492859,0.0177378095686436,0.00978902168571949,-2.34823248650766,-0.158969246471312,0.118912431374539,0.184408493109091,-0.0463287670827935,-0.0335765852445032,0.36903249471582,0.902225911617279,-0.181220859289169,2.15299916267395,0.0251938572142247,0.00602082173096383,0.676148316430391,0.0204801559449094,-0.191395197596665,0.402787753515556,0.078565271883648,-0.000293750286230343,0.383614165459541,0,0,0.336985614540566,0.336985614540566,11211.35,13.3686258
-0.182981874927927,0.112925825343644,2.17840075492859,0.0177378095686436,0.00978902168571949,-2.34823248650766,-0.158969246471312,0.118912431374539,0.184408493109091,-0.0324301369579555,-0.0235036096711523,0.258322746301074,0.904467463493347,-0.194024384021759,2.19820785522461,0.0230970931331754,0.00709490710470054,0.706752095724176,0.0373591979347857,-0.213392078878307,0.753478209184049,-0.0349460680177849,0.0179014228957637,0.510062988234081,0,0,0.360147339701793,0.360147339701793,11211.41,13.4353706
-0.181399580051971,0.117145325249253,2.21656632423401,0.0177378095686436,0.00978902168571949,-2.34823248650766,0.0474688462786858,0.126584997168288,-0.936556661638971,-0.0227010958705688,-0.0164525267698066,0.180825922410752,0.909062683582306,-0.211318552494049,2.28878140449524,0.0213053836992943,0.0117506315896882,0.743238955316225,0.0574402511120365,-0.216177105903822,1.1321693658839,-0.0223963679235334,0.0581965560623988,0.456085744901026,0,0,0.38329955978725,0.38329955978725,11211.49,13.5020434
-0.179817285176015,0.121364825154863,2.21656632423401,0.0177378095686436,0.00978902168571949,-2.34823248650766,0.0474688462786858,0.126584997168288,-0.593066537890191,-0.0158907671093982,-0.0115167687388646,0.126578145687526,0.912972509860992,-0.226052403450012,2.37351107597351,0.0318252333451763,0.0112671693931369,0.770276003100651,0.0651637713100197,-0.245564182594025,1.4121611912737,0.175330827427539,-0.00805770327567993,0.450617463063924,0,0,0.405709129319437,0.405709129319437,11211.55,13.5687975
-0.177705260921344,0.12513824867829,2.21656632423401,0.0305584277957678,0.00800501741468906,-2.42775926854348,0.0633607276401038,0.113202705702823,-0.59366425816699,-0.126509101020697,0.00799430032206862,0.804345740303717,0.918162047863007,-0.243192464113235,2.4815137386322,0.027903421634,0.016457153326332,0.810810613029702,0.0741362571719391,-0.244858009475636,1.54289518084486,-0.0560258815884655,0.0741426276173814,0.579065856131712,0,0,0.426521555202952,0.426521555202952,11211.62,13.6355251
-0.175593236666674,0.128911672201718,2.44343948364258,0.0305584277957678,0.00800501741468906,-2.42775926854348,0.0633607276401038,0.113202705702823,-2.63552269284411,-0.0885563707144877,0.00559601022544803,0.563042018212602,0.924686253070831,-0.259924620389938,2.58201503753662,0.0324533586178028,0.0184350525542551,0.852694977999861,0.0932029315407405,-0.239030803953892,1.43573284149767,0.0649990997688816,0.0282557032561614,0.598348071004764,0,0,0.444955961327082,0.444955961327082,11211.69,13.7023279
-0.173314525016065,0.132398714178217,2.44343948364258,0.028660636395216,0.00129310076590627,-2.52392397191263,0.0683613495182827,0.104611259294995,-0.594164495178767,-0.0449093368951752,0.0643244569968587,1.25961174307109,0.929945766925812,-0.274789690971375,2.65268158912659,0.0333211855242259,0.0291610739054085,0.884850046566692,0.0876585642504186,-0.247751176359372,1.17777585984276,0.0144637817738411,0.178767022520742,0.535917809451722,0,0,0.460215123269988,0.460215123269988,11211.75,13.7690836
-0.171035813365455,0.135885756154717,2.44343948364258,0.028660636395216,0.00129310076590627,-2.52392397191263,0.0683613495182827,0.104611259294995,-0.594164495178767,-0.0314365358266226,0.0450271198978011,0.881728220149761,0.937141358852386,-0.292994558811188,2.71255803108215,0.0325792053833313,0.0151088870560617,0.903387555863918,0.102794170380066,-0.260069540569842,0.855377742225934,-0.0105997162985387,-0.200745526420075,0.264821561390045,0,0,0.471640543727729,0.471640543727729,11211.82,13.8358511
-0.168972827644067,0.145195734976843,2.6788330078125,0.028660636395216,0.00129310076590627,-2.52392397191263,0.0618895716416549,0.279299364663764,-2.70700538401138,-0.0220055750786358,0.0315189839284608,0.617209754104833,0.937690913677216,-0.303236424922943,2.74726223945618,0.0295407513847014,-0.0300995740229826,0.926455987065049,0.0091592470802851,-0.17069776852553,0.578403472887765,-0.0506408999760598,-0.753474351300958,0.384473853343799,0,0,0.47866879878987,0.47866879878987,11211.88,13.9024859
-0.165913204415926,0.154423254974411,2.6788330078125,0.0268037728965282,0.00853652507066727,-2.61601529385782,0.0917886968442357,0.276825599927042,-0.587121892175969,0.00130786893314461,-0.0431275299929264,1.2608687253801,0.948593139648438,-0.323421567678452,2.76190447807312,0.00150810842623842,-0.0441884087922181,0.910454167028646,0.155746085303818,-0.288359182222748,0.209174837385775,-0.400466327979708,-0.201269068132772,-0.228597429092429,0,0,0.480931124337512,0.480931124337512,11211.95,13.9692837
-0.162853581187785,0.163650774971979,2.6788330078125,0.0268037728965282,0.00853652507066727,-2.61601529385782,0.0917886968442357,0.276825599927042,-0.587121892175969,0.000915508253201226,-0.0301892709950485,0.882608107766068,0.959008693695068,-0.342863440513611,2.75238966941833,0.0152062637653736,-0.0151975058136361,0.929552332107551,0.148793629238202,-0.277741040503431,-0.135925837926067,0.195687933417031,0.414155756838607,0.272830929699773,0,0,0.47819265848872,0.47819265848872,11212.02,14.0359797
-0.159864173812831,0.172881919212261,2.72510886192322,0.017298636958003,-0.00111789652146399,-2.64802584912515,0.0896822212486202,0.276934327208473,-1.00373895417819,0.0861870792239677,0.0657573046326474,0.905920672842253,0.963724255561829,-0.359052568674088,2.72556662559509,0.0279263303930278,-0.0292062321777893,0.91859992863033,0.0785926977800047,-0.269818802676902,-0.447050730391165,0.212001110462702,-0.233478772737868,-0.182540057955217,0,0,0.470452213960634,0.470452213960634,11212.08,14.1025556
-0.156874766437877,0.182113063452544,2.72510886192322,0.017298636958003,-0.00111789652146399,-2.64802584912515,0.0896822212486202,0.276934327208473,-0.587256267181729,0.0603309554567774,0.0460301132428532,0.634144470989577,0.971480667591095,-0.374488860368729,2.66700196266174,0.0243496686098437,-0.0307065341188194,0.928405919593272,0.110805886132837,-0.220518452781504,-0.836638041908473,-0.0510951683314131,-0.0214328848719486,0.140085585185466,0,0,0.457821318161128,0.457821318161128,11212.15,14.1693942
-0.153885359062923,0.191344207692826,2.72510886192322,0.017298636958003,-0.00111789652146399,-2.64802584912515,0.0896822212486202,0.276934327208473,-0.587256267181729,0.0422316688197442,0.0322210792699972,0.443901129692704,0.978403508663177,-0.391844093799591,2.59903001785278,0.0350356374888681,-0.0112088074875282,0.929171601334251,0.11538068453219,-0.28925389050806,-1.13286574679127,0.178099481313185,0.324962110514428,0.0127613623493662,0,0,0.440726096769166,0.440726096769166,11212.21,14.2361073
-0.148911834766963,0.196386231084067,2.58687901496887,0.0139641407877207,0.00802459195256233,-2.65151844289041,0.149205728878794,0.151260701737237,2.15159532545336,0.0595726337063622,-0.0597276407772389,0.342164134672222,0.987982928752899,-0.410571545362473,2.47432589530945,0.0400976358723505,-0.0109518165877914,0.938765772032794,0.11974275112163,-0.234093144536231,-1.5588015317931,0.0632749797935881,0.00321238624671306,0.119927133731897,0,0,0.419717192390483,0.419717192390483,11212.29,14.3027633
-0.143938310471003,0.201428254475309,2.58687901496887,0.0139641407877207,0.00802459195256233,-2.65151844289041,0.149205728878794,0.151260701737237,0.907526702864246,0.0417008435944535,-0.0418093485440672,0.239514894270555,0.992792665958405,-0.425335884094238,2.36743259429932,0.014504582297904,-0.0098558302976928,0.935088724685979,0.0801622867591033,-0.246072312198185,-1.78155501685065,-0.426550892911062,0.0182664381684644,-0.0612841224474454,0,0,0.39537983525654,0.39537983525654,11212.35,14.3697108
-0.138964786175043,0.20647027786655,2.58687901496887,0.0139641407877207,0.00802459195256233,-2.65151844289041,0.149205728878794,0.151260701737237,0.907526702864246,0.0291905905161175,-0.029266543980847,0.167660425989389,1.0001140832901,-0.443416386842728,2.23522686958313,0.00552351054817553,-0.0188913322482459,0.925174183038535,0.104591676167514,-0.258292896408065,-1.88865321023909,-0.128301024996655,-0.129078599294153,-0.141636309249787,0,0,0.36874341942137,0.36874341942137,11212.42,14.4364324
-0.134289069818247,0.209925137599389,2.29853320121765,0.0139641407877207,0.00802459195256233,-2.65151844289041,0.14027149070388,0.103645791985184,3.89752757212914,0.0204334133612822,-0.0204865807865929,0.117362298192572,1.00500738620758,-0.457385629415512,2.1186785697937,0.0105475461083665,0.000125455236243457,0.929204912542765,0.0815550486253668,-0.232820709548383,-1.94247166317363,0.0837339260038936,0.316946458077513,0.0671788250710758,0,0,0.339863753402067,0.339863753402067,11212.48,14.5050453
-0.129613353461451,0.213379997332229,2.29853320121765,0.0139641407877207,0.00802459195256233,-2.65151844289041,0.14027149070388,0.103645791985184,1.30241524836816,0.0143033893528976,-0.014340606550615,0.0821536087348005,1.01200258731842,-0.474985122680664,1.98104012012482,0.0195432241689746,0.00241375444906588,0.930400932322783,0.0999314444383879,-0.251421332353826,-1.96626356665543,0.128509686577311,0.0326899887538925,0.0170859968570277,0,0,0.311321373612084,0.311321373612084,11212.55,14.5718384
-0.12418003521353,0.216767674659774,2.29853320121765,0.00690335500985384,-0.00227122358046472,-2.64811978604532,0.162999547437648,0.101630319826371,1.30119589339055,0.0735594445478299,0.082623915211813,0.0269196145085254,1.01883816719055,-0.49198380112648,1.84217762947083,0.0226908909598443,-0.000808851779308611,0.925354542409618,0.0976511410308538,-0.242838263512667,-1.98374986649384,0.0449666684411819,-0.0460372318341127,-0.0720912844740914,0,0,0.283409944822013,0.283409944822013,11212.62,14.6385447
-0.119494713679095,0.219981288438463,1.95759010314941,0.0100673791021109,0.00967572908848524,-2.64724729325509,0.140559646033022,0.0964084133606676,4.37116024443499,0.0230153943531677,-0.0496858333722806,0.0109912950439682,1.02501404285431,-0.507849752902985,1.71781098842621,0.0219912774263662,0.00191729301481857,0.921495979071891,0.0882267951969,-0.226656453951007,-1.77666630064477,-0.00999447904972929,0.0389449256305503,-0.0551223333963315,0,0,0.257069859851996,0.257069859851996,11212.69,14.7052352
-0.114809392144661,0.223194902217152,1.95759010314941,0.0100673791021109,0.00967572908848524,-2.64724729325509,0.140559646033022,0.0964084133606676,1.30267236182085,0.0161107760472174,-0.0347800833605964,0.00769390653077777,1.03210175037384,-0.522868990898132,1.630490899086,0.00871633228901902,0.00701175697975059,0.932253147653003,0.118128458659857,-0.250320633254587,-1.45533482234919,-0.22124908562433,0.0849077327495877,0.179286143020071,0,0,0.233193780285522,0.233193780285522,11212.75,14.7719117
-0.110124070610227,0.226408515995841,1.95759010314941,0.0100673791021109,0.00967572908848524,-2.64724729325509,0.140559646033022,0.0964084133606676,1.30267236182085,0.0112775432330522,-0.0243460583524175,0.00538573457154444,1.04018092155457,-0.538871765136719,1.55579042434692,0.0123373957511133,0.00809867073291621,0.959721197085928,0.115416731153696,-0.228611060552185,-1.06714963913408,0.0517294780301329,0.015527339331002,0.39240070618627,0,0,0.212539922803899,0.212539922803899,11212.82,14.8386439
-0.109527658847325,0.233034056112144,1.69215321540833,0.0100673791021109,0.00967572908848524,-2.64724729325509,0.017892352887079,0.198766203489094,3.00427699626079,0.00789428026313652,-0.0170422408466922,0.00377001420008111,1.04920399188995,-0.555125594139099,1.5077029466629,0.0102995145426809,0.0143158444405594,0.993295210920886,0.128901004791796,-0.232197557177828,-0.686963966917442,-0.0291125886920121,0.0888167672524149,0.479628769072824,0,0,0.195763134067341,0.195763134067341,11212.89,14.9053767
-0.108931247084422,0.239659596228447,1.69215321540833,0.0100673791021109,0.00967572908848524,-2.64724729325509,0.017892352887079,0.198766203489094,0.615345006590986,0.00552599618419556,-0.0119295685926846,0.00263900994005677,1.05725538730621,-0.567752778530121,1.48842203617096,0.0166686969555855,0.0132735186768166,1.01641921161869,0.1341899236014,-0.210453073179102,-0.321348508192042,0.10615304021276,-0.0173720960620012,0.385400011621666,0,0,0.183329813550487,0.183329813550487,11212.95,14.972072
-0.107883776615097,0.246490925123992,1.69215321540833,0.0121410917490721,-0.00288678123615682,-2.67006013657785,0.0314241140797484,0.204939866866331,0.614085687798556,-0.014795216493714,0.104711894906899,0.207162896862825,1.06799185276031,-0.583993375301361,1.49127161502838,0.0147300207708003,0.0183894124306791,1.04936615823861,0.153378077916374,-0.232008525304397,0.0407082693919103,-0.0276953740684752,0.0730841964840538,0.470670666000832,0,0,0.175500777594175,0.175500777594175,11213.02,15.0387446
-0.105122309995339,0.247200064968037,1.61655724048615,0.0280532147735357,0.00412815110757947,-2.74555108811593,0.0828439985927364,0.0212741953213521,0.509435267086405,-0.153565758765773,0.0101639353412029,0.824432591646751,1.078648686409,-0.598303496837616,1.51233279705048,0.020076385441114,0.0215380427466358,1.07504236865466,0.177613894146202,-0.238502025606273,0.351019700371225,0.0891060778393169,0.052477171933058,0.427936840271032,0,0,0.172341910404239,0.172341910404239,11213.08,15.105465
-0.102360843375581,0.247909204812082,1.61655724048615,0.0280532147735357,0.00412815110757947,-2.74555108811593,0.0828439985927364,0.0212741953213521,-0.170928507213217,-0.107496031136041,0.00711475473884205,0.577102814152726,1.0918390750885,-0.614569842815399,1.55000245571136,0.0234493254085956,0.0164668397863835,1.09752639817897,0.188434123993703,-0.232376371112155,0.538137980872076,0.0481848566785093,-0.0724457565753351,0.321200421777219,0,0,0.173734584647129,0.173734584647129,11213.15,15.1721664
-0.0995993767558235,0.248618344656127,1.61655724048615,0.0280532147735357,0.00412815110757947,-2.74555108811593,0.0828439985927364,0.0212741953213521,-0.170928507213217,-0.0752472217952286,0.00498032831718943,0.403971969906908,1.10669255256653,-0.632501602172852,1.58907604217529,0.0343111790603447,0.0195004474172135,1.12724240861757,0.212192535401273,-0.256167990821814,0.558194092344153,0.155169337882775,0.0433372518691807,0.424514434838963,0,0,0.179368133300128,0.179368133300128,11213.22,15.2388769
-0.0962017163178992,0.24758295986302,1.74669992923737,0.0273075625300407,0.0118025876581669,-2.81907031800485,0.10192981313773,-0.0310615437932222,-1.6931891646104,-0.0459621850652051,-0.0655836991332542,0.94445344793508,1.12126684188843,-0.650472521781921,1.62814354896545,0.029879122894707,0.0153477142328728,1.14979489237642,0.208204133165447,-0.256727422981108,0.558107239847263,-0.0633150880791561,-0.0593247597750007,0.322178339405145,0,0,0.18905039869695,0.18905039869695,11213.29,15.3072883
-0.0928040558799748,0.246547575069912,1.74669992923737,0.0273075625300407,0.0118025876581669,-2.81907031800485,0.10192981313773,-0.0310615437932222,-0.521904965849413,-0.0321735295456436,-0.0459085893932779,0.661117413554556,1.13527166843414,-0.666385471820831,1.66005182266235,0.0253746268129652,0.0108709459686005,1.17300413471928,0.233413775763904,-0.265215833984083,0.531804561619505,-0.0750749346963335,-0.074612804405171,0.386820705717595,0,0,0.20169081822777,0.20169081822777,11213.35,15.374094
-0.0894063954420505,0.245512190276805,1.74669992923737,0.0273075625300407,0.0118025876581669,-2.81907031800485,0.10192981313773,-0.0310615437932222,-0.521904965849413,-0.0225214706819505,-0.0321360125752945,0.462782189488189,1.15139591693878,-0.685594379901886,1.68616759777069,0.0231212463687073,0.0153809197430852,1.19910061038815,0.230346407210082,-0.274412972587636,0.373082501549228,-0.0321911492038182,0.0644281967786202,0.372806795271134,0,0,0.216723880480367,0.216723880480367,11213.42,15.4407959
-0.0831028503510163,0.244947819450696,1.74669992923737,0.0273075625300407,0.0118025876581669,-2.81907031800485,0.189106352731025,-0.0169311247832738,-0.301225294746176,-0.0157650294773654,-0.0224952088027062,0.323947532641732,1.16775035858154,-0.704272568225861,1.69312119483948,0.0223990187401316,0.0134486805963449,1.22176160296216,0.233634880611846,-0.266831261772175,0.099337100983079,-0.0103175375511238,-0.0276034163821191,0.323728465344279,0,0,0.233389434879725,0.233389434879725,11213.49,15.5075386
-0.0767993052599821,0.244383448624587,1.74669992923737,0.0273075625300407,0.0118025876581669,-2.81907031800485,0.189106352731025,-0.0169311247832738,-0.301225294746176,-0.0110355206341558,-0.0157466461618943,0.226763272849213,1.18172514438629,-0.720681250095367,1.68008887767792,0.0205134426328872,0.0152912951080504,1.23195360712693,0.232913096740725,-0.273478031152478,-0.21720528602126,-0.0314262684533887,0.0307102418610884,0.169866736075793,0,0,0.250861811385288,0.250861811385288,11213.55,15.5742779
-0.0705869179664416,0.243468340065427,1.83501839637756,0.0229878760874271,0.00992607604712248,-2.88340709473825,0.186371618806217,-0.0274532567747987,-1.09654647717915,0.0311523135396134,0.00586595218607364,0.737765281595035,1.19814145565033,-0.739656686782837,1.64328193664551,0.0184096253758123,0.00747058210413419,1.24282672448915,0.234518732344376,-0.271077666964977,-0.525813443322324,-0.0300545322440509,-0.111724471484982,0.155330248032304,0,0,0.268333630287808,0.268333630287808,11213.62,15.6409967
-0.0644426138081648,0.242365349057149,1.80733597278595,0.0186834055930376,0.00895954947918653,-2.92305395867563,0.184329124748303,-0.0330897302483188,-0.052876035788871,0.0605468539272352,0.012804905641675,0.873257472552926,1.21458125114441,-0.759486556053162,1.58087813854218,0.014272903231759,0.0146448391873935,1.24738551267093,0.234854221344971,-0.283283846720102,-0.891482830051314,-0.0590960306295794,0.102489386904131,0.0651255454543868,0,0,0.285063126288201,0.285063126288201,11213.69,15.7077321
-0.058298309649888,0.241262358048872,1.80733597278595,0.0186834055930376,0.00895954947918653,-2.92305395867563,0.184329124748303,-0.0330897302483188,-0.302017848113395,0.0423827977490646,0.00896343394917253,0.611280230787048,1.22842299938202,-0.775379836559296,1.50832509994507,0.00880958960581905,0.0272386998263571,1.25584965482392,0.230695803962123,-0.264888008437816,-1.20921730996205,-0.0910552270997719,0.209897677317842,0.141069035884251,0,0,0.300374774544224,0.300374774544224,11213.75,15.774446
-0.0521540054916112,0.240159367040595,1.80733597278595,0.0186834055930376,0.00895954947918653,-2.92305395867563,0.184329124748303,-0.0330897302483188,-0.302017848113395,0.0296679584243452,0.00627440376442077,0.427896161550934,1.24569451808929,-0.793796896934509,1.39819061756134,0.0136485191355306,0.0238408289753869,1.25443295017373,0.246735981533531,-0.263100862504146,-1.57334974834551,0.0691275647104524,-0.0485410121569196,-0.0202386378599009,0,0,0.313725858939306,0.313725858939306,11213.82,15.8411833
-0.0454079911279959,0.240477464182678,1.59742033481598,0.0186834055930376,0.00895954947918653,-2.92305395867563,0.202380430908461,0.00954291426249806,3.00069749647592,0.0207675708970417,0.00439208263509454,0.299527313085654,1.26309621334076,-0.811368227005005,1.26785123348236,0.0162308895838069,0.00820670695688357,1.24375229598583,0.248595646450531,-0.251019001008124,-1.86199120113602,0.0368910064041001,-0.223344600265262,-0.152580774113531,0,0,0.324692884287221,0.324692884287221,11213.89,15.9079247
-0.0386619767643805,0.240795561324761,1.59742033481598,0.0186834055930376,0.00895954947918653,-2.92305395867563,0.202380430908461,0.00954291426249806,1.11145675474618,0.0145372996279292,0.00307445784456618,0.209669119159957,1.27670645713806,-0.829141318798065,1.14785158634186,0.0102172913412914,-0.00414901775495419,1.24570646406874,0.226837396616753,-0.296218196544539,-1.99999411896473,-0.10022663737307,-0.205928745192801,0.0325694680479268,0,0,0.332997278334936,0.332997278334936,11213.95,15.9745972
-0.0318058779980886,0.240902553197538,1.59742033481598,0.0153302708640695,0.00759350135922432,-2.93089363839364,0.205682962988755,0.00320975618330936,1.11117745997793,0.0403543223002637,0.0144465535708563,0.217325500874128,1.29163074493408,-0.847074925899506,1.00219368934631,0.00891053840935039,-0.00049208836059482,1.25933534821858,0.213204111372608,-0.2561943871645,-2.080827099945,-0.0186678990278063,0.0522418484910654,0.194698344998393,0,0,0.338536953625157,0.338536953625157,11214.02,16.041316
-0.0273811824303392,0.237886706784172,1.25619089603424,0.00255574751645327,0.000806605443358421,-2.93086920048929,0.132740867032483,-0.0904753924009786,4.41545287594337,0.14321873573873,0.0711946507423925,0.151907909472669,1.30656051635742,-0.86612331867218,0.867993116378784,0.0153461899353422,0.00144611692737639,1.2577707326089,0.213282448905742,-0.272119896753625,-1.91715104240125,0.0919378789431229,0.0276886469711324,-0.0223516515668267,0,0,0.341335739471437,0.341335739471437,11214.09,16.1080302
-0.0229564868625898,0.234870860370806,1.25619089603424,0.00255574751645327,0.000806605443358421,-2.93086920048929,0.132740867032483,-0.0904753924009786,1.34438792690773,0.100253115017111,0.0498362555196747,0.106335536630868,1.32268810272217,-0.884293258190155,0.756533980369568,0.0101262649774318,0.003825090919717,1.2739833908616,0.230394090925902,-0.259570564543577,-1.59227337156685,-0.0745703565418872,0.0339853427478642,0.231609403610833,0,0,0.341561339829382,0.341561339829382,11214.16,16.174729
-0.0185317912948403,0.23185501395744,1.25619089603424,0.00255574751645327,0.000806605443358421,-2.93086920048929,0.132740867032483,-0.0904753924009786,1.34438792690773,0.0701771805119779,0.0348853788637723,0.0744348756416077,1.33513975143433,-0.899909913539886,0.682925939559937,0.00558982218981076,0.0136074575668514,1.2958012467556,0.207527478537732,-0.2602775891644,-1.22680068017094,-0.0756073797943264,0.16303944412029,0.363630931569859,0,0,0.339494809126953,0.339494809126953,11214.22,16.241506
-0.0156370644104927,0.231386678186869,0.975711286067963,0.00882700365036726,-0.00259602162986994,-2.9526580360148,0.0868418065304273,-0.0140500731171326,3.21195717312238,-0.00731727884684145,0.0550434088636959,0.24820393267874,1.3490709066391,-0.918880581855774,0.621236741542816,0.00721636423448214,0.0144875274734849,1.31194902766316,0.199016502920984,-0.271009547363905,-0.881274257368197,0.0232363149233697,0.012572427237347,0.230682584388652,0,0,0.335496577310356,0.335496577310356,11214.29,16.3084814
-0.0127423375261452,0.230918342416298,0.975711286067963,0.00882700365036726,-0.00259602162986994,-2.9526580360148,0.0868418065304273,-0.0140500731171326,0.687640683425879,-0.00512209519278901,0.0385303862045871,0.173742752875118,1.36206245422363,-0.933118999004364,0.587237477302551,0.0285677002629498,0.0161048398822403,1.32294933275035,0.2165257930774,-0.237306952478516,-0.566654404009225,0.355855600477481,0.0269552068128192,0.183338418121435,0,0,0.330025420835505,0.330025420835505,11214.35,16.3753042
-0.00984761064179758,0.230450006645727,0.975711286067963,0.00882700365036726,-0.00259602162986994,-2.9526580360148,0.0868418065304273,-0.0140500731171326,0.687640683425879,-0.00358546663495231,0.026971270343211,0.121619927012582,1.37844800949097,-0.951241195201874,0.564347207546234,0.0228105769933541,0.0310866772996012,1.3324996326552,0.234079360962887,-0.258888517108359,-0.327003853663033,-0.0822446181374236,0.214026248820332,0.136432855784117,0,0,0.323555328593358,0.323555328593358,11214.42,16.441999
-0.00622080773985007,0.234403761198084,0.975711286067963,0.00882700365036726,-0.00259602162986994,-2.9526580360148,0.108804087058426,0.11861263657071,0.127768608777076,-0.00250982664446662,0.0188798892402477,0.0851339489088077,1.39478588104248,-0.969704687595367,0.542920172214508,0.0245973829018381,0.027806178670573,1.34067716317288,0.233398165022594,-0.263764177051006,-0.306100504740217,0.0255257986927345,-0.04686426612917,0.116821864538754,0,0,0.316539043620556,0.316539043620556,11214.49,16.5086813
-0.00259400483790255,0.238357515750441,0.975711286067963,0.00882700365036726,-0.00259602162986994,-2.9526580360148,0.108804087058426,0.11861263657071,0.127768608777076,-0.00175687865112663,0.0132159224681734,0.0595937642361654,1.41404569149017,-0.989575743675232,0.523846745491028,0.0201603434844871,0.0505796554597339,1.34790583537419,0.320996840787874,-0.331184267990513,-0.317890445384398,-0.073950656954235,0.379557946477731,0.120477870019199,0,0,0.309396952583284,0.309396952583284,11214.55,16.5753838
0.00109354730368521,0.242259090913003,0.845837950706482,0.0274202059954405,0.0109502077102661,-2.99355826642251,0.110626564247633,0.117047254876868,1.29656915123648,-0.168568636161448,-0.112664918333503,0.409817708634749,1.42891037464142,-1.00586187839508,0.507768452167511,0.0233769996036144,0.0208051814220815,1.34844703188435,0.212352616447242,-0.232659067427376,-0.229689904622624,0.0459522302734384,-0.425349629111089,0.00773137871657252,0,0,0.30248740247076,0.30248740247076,11214.62,16.6421078
0.00479975516063578,0.24616118929922,0.77262008190155,0.0312230940908194,0.0111779849976301,-2.99950430657602,0.111186235708517,0.117062951586501,0.786424509332905,-0.152224038171423,-0.0809154384197282,0.340386757425855,1.44904375076294,-1.02612471580505,0.489826619625092,0.0379927300320178,0.00705153962779757,1.34489548179737,0.287619658880067,-0.289469105857963,-0.2563118934642,0.208796148978059,-0.196480597062016,-0.0507364298141101,0,0,0.296085261858869,0.296085261858869,11214.69,16.7087929
